Date,USD_Buy,USD_Sell,EURO_Buy,EURO_Sell,GBP_Buy,GBP_Sell
2019-03-01,99.9456,100.14,113.8361,114.0906,132.6994,132.9989
2019-03-04,99.9417,100.1417,113.5861,113.8522,132.1594,132.4844
2019-03-05,99.9389,100.1389,113.3211,113.5811,132.0761,132.3928
2019-03-06,99.9483,100.1483,113.1556,113.415,130.9272,131.2356
2019-03-07,99.9239,100.1239,112.92,113.1806,131.275,131.5778
2019-03-08,99.61,99.81,112.0956,112.35,130.6433,130.95
2019-03-11,99.5511,99.7511,111.6572,111.9128,130.0828,130.3783
2019-03-12,99.5056,99.7056,111.9394,112.1878,129.9739,130.2772
2019-03-13,100.0861,100.2861,112.8983,113.15,131.1572,131.4428
2019-03-14,100.14,100.34,113.125,113.3789,131.8972,132.2106
2019-03-15,100.0678,100.2678,113.105,113.3672,132.5639,132.8667
2019-03-18,100.1956,100.3956,113.5744,113.8272,133.1339,133.4183
2019-03-19,100.5583,100.7583,114.0883,114.3539,133.0289,133.3339
2019-03-20,100.75,100.95,114.3978,114.6633,133.7028,134.015
2019-03-21,100.9072,101.1072,114.5533,114.8167,132.9556,133.2594
2019-03-22,100.6778,100.8778,114.6506,114.9172,132.41,132.7139
2019-03-25,100.6028,100.8028,113.6822,113.9356,132.6361,132.9594
2019-03-26,100.8639,101.0639,114.1039,114.3672,133.0706,133.3744
2019-03-27,100.8556,101.0556,113.8967,114.155,133.3972,133.7122
2019-03-28,100.7778,100.9778,113.4167,113.6811,133.3028,133.605
2019-03-29,100.65,100.85,112.9128,113.1739,131.6994,131.9961
2019-04-01,100.6861,100.875,113.04,113.2739,131.5322,131.805
2019-04-02,100.7444,100.9444,113.1328,113.3789,132.0806,132.3833
2019-04-03,100.8033,101.0033,112.9194,113.1744,131.4533,131.7428
2019-04-04,100.7006,100.9006,113.0694,113.3256,132.3011,132.6106
2019-04-05,100.6167,100.8167,112.8283,113.0861,131.9911,132.2867
2019-04-08,100.5361,100.7306,112.8783,113.13,131.0672,131.3583
2019-04-09,100.5417,100.7417,113.3189,113.5806,131.1817,131.4806
2019-04-10,100.7422,100.9422,113.4567,113.7117,131.6633,131.9606
2019-04-11,100.9944,101.1944,113.5611,113.83,132.0406,132.3328
2019-04-12,100.8528,101.0528,113.5644,113.8217,131.8983,132.1911
2019-04-15,100.8906,101.0906,114.1756,114.4322,132.2833,132.5906
2019-04-16,100.8972,101.0972,114.0994,114.3583,132.2589,132.5594
2019-04-17,100.9556,101.1556,114.0922,114.3544,131.8772,132.1694
2019-04-18,101.1583,101.3583,114.3083,114.5572,131.9328,132.2294
2019-04-23,101.2339,101.4367,113.8778,114.135,131.75,132.0528
2019-04-24,101.4361,101.6361,113.775,114.03,131.4483,131.7383
2019-04-25,101.4478,101.6478,113.6583,113.9239,131.3294,131.6217
2019-04-26,101.4122,101.6122,112.9583,113.205,130.6583,130.9467
2019-04-29,101.3872,101.5928,113.2922,113.5533,130.8422,131.1406
2019-04-30,101.2789,101.4817,112.9822,113.2311,130.8306,131.1222
2019-05-02,101.0972,101.2972,113.3217,113.5839,132.1561,132.4639
2019-05-03,100.8,101.0,112.805,113.0656,131.4128,131.7033
2019-05-06,100.9978,101.1978,112.6889,112.9417,131.4744,131.7744
2019-05-07,100.8417,101.0417,112.835,113.1022,132.0472,132.3461
2019-05-08,100.9472,101.1472,112.9011,113.16,131.7567,132.0517
2019-05-09,101.0856,101.2856,113.2117,113.4722,131.6122,132.0378
2019-05-10,101.0344,101.2344,113.0756,113.3278,131.0856,131.3872
2019-05-13,100.9778,101.1694,113.4344,113.6811,131.5267,131.9283
2019-05-14,100.9733,101.165,113.5106,113.7606,131.5894,131.8706
2019-05-15,100.9944,101.1944,113.3917,113.6472,130.865,131.1583
2019-05-16,101.0111,101.2028,113.1189,113.3739,130.4356,130.7172
2019-05-17,101.0194,101.2194,113.0767,113.3306,129.3606,129.66
2019-05-20,101.0111,101.2111,112.9311,113.1917,129.0094,129.2972
2019-05-21,101.0117,101.2117,112.7561,113.0156,128.6933,128.9978
2019-05-22,101.0694,101.2694,112.7794,113.0361,128.4939,128.7717
2019-05-23,101.1167,101.3167,112.9161,113.2694,127.875,128.1644
2019-05-24,101.1261,101.3261,112.9633,113.2111,127.9872,128.2689
2019-05-27,101.14,101.34,113.15,113.4056,128.1639,128.4544
2019-05-28,101.14,101.3356,113.1933,113.4483,128.3078,128.595
2019-05-29,101.1778,101.3778,113.2133,113.4706,128.2706,128.5633
2019-05-30,101.3011,101.5011,112.9406,113.1961,128.1556,128.4417
2019-05-31,101.2556,101.4556,112.6783,112.9322,127.8228,128.1011
2019-06-03,101.1872,101.3872,112.895,113.1506,127.3194,127.6111
2019-06-04,101.1806,101.3806,113.2022,113.4578,127.8772,128.1633
2019-06-06,101.25,101.45,113.6528,113.9106,128.3889,128.6772
2019-06-07,101.2,101.4,113.8783,114.1389,128.4489,128.7456
2019-06-10,101.105,101.305,114.2522,114.5156,128.6122,128.9067
2019-06-11,101.1767,101.3767,114.3972,114.6539,128.3217,128.5972
2019-06-12,101.2833,101.4833,114.63,114.8872,128.8883,129.1739
2019-06-13,101.2883,101.4883,114.635,114.8933,128.9517,129.2422
2019-06-14,101.4478,101.6478,114.4433,114.7017,128.7361,129.0367
2019-06-17,101.7167,101.9167,114.3889,114.6394,128.4528,128.7433
2019-06-18,101.9033,102.1033,114.4822,114.7394,128.2772,128.5656
2019-06-19,101.9222,102.1222,114.1456,114.4033,127.6528,127.935
2019-06-20,101.8028,102.0028,114.0572,114.3133,128.1378,128.4228
2019-06-21,101.7722,101.9722,114.9444,115.2056,129.1367,129.4239
2019-06-24,101.7778,101.9778,115.2133,115.4639,128.9883,129.2794
2019-06-25,101.8144,102.0144,115.8839,116.1433,129.5289,129.82
2019-06-26,102.0917,102.2917,116.1367,116.3906,129.7678,130.0628
2019-06-27,102.07,102.27,115.9389,116.1967,129.4967,129.7922
2019-06-28,102.1983,102.3983,116.1806,116.4306,129.8133,130.1061
2019-07-01,102.2606,102.4606,116.4039,116.6667,129.9672,130.2561
2019-07-02,102.6194,102.8194,116.3956,116.6556,129.9372,130.2283
2019-07-03,102.9011,103.1011,116.2894,116.5422,130.0333,130.3128
2019-07-04,102.1944,102.3944,115.3483,115.6078,128.5633,128.8506
2019-07-05,102.5306,102.7306,115.63,115.8828,128.95,129.2372
2019-07-08,102.5083,102.7083,114.9833,115.2444,128.1122,128.3922
2019-07-09,102.5917,102.7917,115.075,115.3244,128.3294,128.61
2019-07-10,102.6494,102.8494,115.0528,115.3089,128.0039,128.29
2019-07-11,102.8222,103.0222,115.4789,115.7333,128.43,128.7111
2019-07-12,102.8217,103.0217,115.8422,116.1022,129.0972,129.3839
2019-07-15,102.8583,103.05,115.7406,115.9994,129.0167,129.2917
2019-07-16,102.9278,103.1278,116.0033,116.2661,129.1506,129.4317
2019-07-17,102.9522,103.1522,115.5578,115.8089,128.1356,128.4122
2019-07-18,102.9617,103.1533,115.48,115.7244,127.7489,128.03
2019-07-19,103.0028,103.2028,115.5478,115.8,128.4556,128.7339
2019-07-22,103.1167,103.3167,115.8422,116.09,129.1633,129.4489
2019-07-23,103.5139,103.7139,116.1361,116.3867,129.1867,129.4667
2019-07-24,103.6628,103.8628,115.6322,115.8828,128.9544,129.2383
2019-07-25,103.925,104.125,115.8361,116.0844,129.7711,130.0583
2019-07-26,103.7,103.9,115.8628,116.1167,129.6383,129.9194
2019-07-29,103.7194,103.9194,115.4389,115.6822,128.8094,129.0956
2019-07-30,103.9733,104.1733,115.6894,115.9306,127.6556,127.9333
2019-07-31,104.1139,104.3056,115.8172,116.0728,126.7356,127.0189
2019-08-01,104.0722,104.2722,115.9806,116.2378,126.9522,127.235
2019-08-02,103.1322,103.3322,113.8594,114.1128,124.7711,125.045
2019-08-05,102.9056,103.1056,114.1917,114.4472,124.8106,125.0872
2019-08-06,103.1056,103.2972,115.2822,115.5261,125.4206,125.6883
2019-08-07,103.1722,103.3722,115.3561,115.6117,125.635,125.9072
2019-08-08,103.3389,103.5361,115.9239,116.1678,125.5272,125.7989
2019-08-09,103.2761,103.4706,115.69,115.9433,125.315,125.59
2019-08-13,102.9639,103.1694,115.2917,115.5528,124.2894,124.5772
2019-08-14,103.1533,103.3533,115.59,115.8444,124.5483,124.8111
2019-08-15,103.1661,103.3606,115.3106,115.5678,124.5494,124.8161
2019-08-16,103.235,103.4294,114.9961,115.2472,125.1672,125.4333
2019-08-19,103.2844,103.4789,114.5322,114.7822,125.6217,125.8861
2019-08-20,103.1906,103.3933,114.5433,114.7917,125.0422,125.3211
2019-08-21,102.8694,103.0694,113.9933,114.2506,124.41,124.6889
2019-08-22,102.8611,103.0611,114.1428,114.3867,124.7994,125.0722
2019-08-23,102.9583,103.1583,114.1517,114.4033,125.6906,125.9717
2019-08-26,103.0789,103.2789,114.0944,114.3411,126.2161,126.4933
2019-08-27,103.2233,103.4222,114.75,115.0078,126.2922,126.5739
2019-08-28,103.3483,103.5483,114.7622,115.0078,126.9372,127.2122
2019-08-29,103.3867,103.5811,114.55,114.8033,126.2306,126.5144
2019-08-30,103.45,103.65,114.505,114.7544,126.2589,126.5456
2019-09-02,103.4872,103.6872,114.2728,114.5239,126.1689,126.4478
2019-09-03,103.5389,103.7361,113.5778,113.8272,125.0778,125.3606
2019-09-04,103.725,103.925,113.4767,113.7311,124.73,124.9983
2019-09-05,103.7211,103.9211,114.2917,114.5406,126.3939,126.6706
2019-09-06,103.7878,103.985,114.7806,115.0339,128.0778,128.3489
2019-09-09,103.725,103.925,114.54,114.7944,127.7311,128.015
2019-09-10,103.6283,103.8283,114.4506,114.7039,128.0311,128.3261
2019-09-11,103.565,103.765,114.3222,114.5689,128.0528,128.3428
2019-09-12,103.6778,103.8778,114.0928,114.3472,127.7683,128.0433
2019-09-13,103.6889,103.8889,113.9194,114.1678,127.7561,128.0428
2019-09-16,103.6739,103.8739,114.9489,115.1978,129.0706,129.3644
2019-09-17,103.6944,103.8944,114.3272,114.5756,129.1317,129.4044
2019-09-18,103.7628,103.9572,114.3961,114.645,128.8972,129.1889
2019-09-19,103.8133,104.0133,114.7989,115.045,129.5294,129.8106
2019-09-20,103.7306,103.9333,114.7517,115.0011,129.53,129.8089
2019-09-23,103.7306,103.9333,114.7628,115.0106,129.5556,129.8367
2019-09-24,103.7639,103.9639,114.0039,114.2483,128.8317,129.11
2019-09-25,103.7283,103.9283,114.0617,114.3189,129.3467,130.1
2019-09-26,103.7617,103.9617,114.0172,114.2717,128.5678,128.85
2019-09-27,103.7167,103.9167,113.57,113.8211,128.0417,128.33
2019-09-30,103.7856,103.9856,113.4156,113.6617,127.8672,128.145
2019-10-01,103.7572,103.9572,113.1389,113.3889,127.7078,127.9906
2019-10-02,103.7694,103.9583,113.1106,113.355,126.8139,127.0994
2019-10-03,103.7644,103.9589,113.4994,113.7517,127.4028,127.6739
2019-10-04,103.7144,103.9144,113.5817,113.8294,128.2672,128.5422
2019-10-07,103.7406,103.9406,113.7256,113.9717,127.4789,127.7628
2019-10-08,103.6956,103.8956,113.9722,114.2206,127.7133,127.9939
2019-10-09,103.6833,103.8778,113.8356,114.0822,126.6028,126.8811
2019-10-11,103.6567,103.8567,113.79,114.04,126.6089,126.8828
2019-10-14,103.6678,103.8678,114.6356,114.8861,131.2628,131.545
2019-10-15,103.69,103.89,114.3317,114.5833,130.4644,130.7567
2019-10-16,103.6,103.8,113.9439,114.1844,130.9606,131.2411
2019-10-17,103.6139,103.8139,114.3844,114.6372,132.71,133.0033
2019-10-18,103.6,103.8,115.2383,115.4933,132.775,133.0611
2019-10-22,103.6278,103.8278,115.4483,115.6989,133.3667,133.6606
2019-10-23,103.4756,103.6756,115.2711,115.4967,133.7056,133.9967
2019-10-24,103.4111,103.6111,115.0378,115.2861,133.3328,133.6261
2019-10-25,103.1528,103.3528,114.5789,114.8306,132.4583,132.7511
2019-10-28,103.4222,103.6222,114.5383,114.7883,132.2411,132.5294
2019-10-29,103.4567,103.6567,114.7444,114.9944,132.8256,133.115
2019-10-30,103.3072,103.5072,114.6711,114.9211,133.1394,133.435
2019-10-31,103.1088,103.3029,114.5841,114.8335,132.8329,133.1282
2019-11-01,103.1794,103.3735,114.9659,115.21,133.5794,133.8724
2019-11-04,103.1682,103.3624,115.0624,115.3088,133.6265,133.9194
2019-11-05,103.1741,103.3624,115.0741,115.3029,133.3165,133.5947
2019-11-06,103.09,103.2841,114.4594,114.6982,132.9635,133.2494
2019-11-07,102.8529,103.0529,114.1153,114.3588,132.5965,132.8829
2019-11-08,102.7118,102.9059,113.7488,113.9965,131.5506,131.8482
2019-11-11,102.3971,102.5971,113.0012,113.2524,131.1312,131.4271
2019-11-12,102.3106,102.5106,112.8888,113.1347,131.7359,132.0282
2019-11-13,102.3206,102.5206,112.7347,112.9865,131.3582,131.6441
2019-11-14,101.9971,102.1971,112.2747,112.5147,130.9265,131.2194
2019-11-15,101.9765,102.1765,112.1394,112.3894,130.8941,131.1812
2019-11-18,101.8676,102.0676,112.34,112.5729,131.1071,131.3953
2019-11-19,101.8294,102.0294,112.5859,112.8382,131.9382,132.2229
2019-11-20,101.6971,101.8971,112.6394,112.8906,131.6212,131.9159
2019-11-21,101.3765,101.5765,112.0865,112.3341,130.7376,131.0353
2019-11-22,101.2618,101.4618,112.2153,112.4676,131.1841,131.4765
2019-11-25,101.45,101.65,112.1459,112.3959,130.4453,130.7435
2019-11-26,101.9206,102.1206,112.2218,112.4641,131.2376,131.5306
2019-11-27,102.3253,102.5253,112.6318,112.8747,131.5076,131.78
2019-11-28,102.4424,102.6424,112.7341,112.9765,131.9294,132.2176
2019-11-29,102.7065,102.9065,113.0506,113.3047,132.68,132.9635
2019-12-02,102.4959,102.6959,112.6476,112.8988,132.1212,132.4124
2019-12-03,102.5147,102.7147,113.0024,113.2529,132.5447,132.8376
2019-12-04,102.2,102.4,113.3,113.5465,132.9982,133.2865
2019-12-05,101.8576,102.0576,112.9712,113.2265,133.37,133.6753
2019-12-06,101.6529,101.8529,112.6965,112.9435,133.3535,133.6524
2019-12-09,101.5735,101.7647,112.5518,112.8094,133.2818,133.5682
2019-12-10,101.3159,101.5159,112.1641,112.4194,133.2653,133.5624
2019-12-11,101.3953,101.5953,112.2982,112.5465,133.4918,133.7947
2019-12-13,101.5676,101.7676,112.5471,112.7941,133.69,133.9912
2019-12-16,101.5788,101.7788,113.44,113.69,135.6806,135.9841
2019-12-17,101.5224,101.7224,113.1247,113.3759,135.4706,135.7682
2019-12-18,101.4424,101.6424,113.2441,113.4929,133.5476,133.8406
2019-12-19,100.8006,101.0006,112.0229,112.27,131.6941,131.9965
2019-12-20,100.6118,100.8118,111.8706,112.1259,131.1624,131.4635
2019-12-23,100.6,100.8,111.5682,111.8247,131.0924,131.3894
2019-12-24,100.5324,100.7324,111.3788,111.6294,129.8365,130.1235
2019-12-27,100.6676,100.8676,111.51,111.7553,130.2594,130.5553
2019-12-30,101.0588,101.2588,112.7571,113.0035,132.2529,132.5388
2019-12-31,101.2365,101.4365,113.2441,113.4918,132.7947,133.0859
2020-01-02,101.2429,101.4429,113.4376,113.69,133.1629,133.4594
2020-01-03,100.8588,101.0588,112.95,113.2059,132.9741,133.2718
2020-01-06,100.8806,101.0806,112.4218,112.6676,132.0441,132.3488
2020-01-07,100.9618,101.1618,113.0176,113.2671,132.6547,132.9529
2020-01-08,101.1588,101.3588,112.98,113.2359,132.7,133.0053
2020-01-09,101.3688,101.5688,112.7229,112.9765,132.8294,133.1329
2020-01-10,101.4929,101.6929,112.7806,113.0265,132.3759,132.6735
2020-01-13,101.2412,101.4412,112.4394,112.7,132.4718,132.7606
2020-01-14,101.3912,101.5912,112.7876,113.0418,131.6576,131.96
2020-01-15,101.2912,101.4912,112.5488,112.8012,131.4653,131.7624
2020-01-16,101.2835,101.4835,112.8441,113.0912,131.6994,131.99
2020-01-17,100.8735,101.0735,112.5729,112.8124,131.7276,132.03
2020-01-20,100.8471,101.0471,111.9641,112.2094,131.6053,131.9059
2020-01-21,100.9971,101.1971,111.9047,112.1388,131.2894,131.5853
2020-01-22,100.9324,101.1324,112.0994,112.3418,131.8818,132.1671
2020-01-23,100.7735,100.9735,111.7076,111.9506,132.2194,132.5229
2020-01-24,100.7553,100.9553,111.7418,111.9988,132.2424,132.5388
2020-01-27,100.7765,100.9765,111.23,111.4735,131.9094,132.2047
2020-01-27,100.7765,100.9765,111.23,111.4735,131.9094,132.2047
2020-01-27,100.7765,100.9765,111.23,111.4735,131.9094,132.2047
2020-01-27,100.7765,100.9765,111.23,111.4735,131.9094,132.2047
2020-01-27,100.7765,100.9765,111.23,111.4735,131.9094,132.2047
2020-01-27,100.7765,100.9765,111.23,111.4735,131.9094,132.2047
2020-01-27,100.7765,100.9765,111.23,111.4735,131.9094,132.2047
2020-01-27,100.7765,100.9765,111.23,111.4735,131.9094,132.2047
2020-01-28,100.7718,100.9712,111.1753,111.4253,131.7135,132.0041
2020-01-29,100.7735,100.9735,110.9294,111.1735,131.1129,131.4082
2020-01-30,100.6471,100.8471,110.6724,110.9212,130.8006,131.0947
2020-01-31,100.4853,100.6847,110.7747,111.0206,131.5382,131.8394
2020-02-03,100.3412,100.5412,110.8253,111.0688,131.7253,132.0194
2020-02-04,100.3618,100.5618,111.0053,111.2465,131.0218,131.3141
2020-02-05,100.2512,100.4512,110.7865,111.0329,130.6676,130.9671
2020-02-06,100.2853,100.4853,110.4547,110.6929,130.8394,131.1376
2020-02-07,100.3471,100.5471,110.4006,110.6376,129.9818,130.2812
2020-02-10,100.4794,100.6794,110.1488,110.4065,130.0053,130.3029
2020-02-12,100.5265,100.7265,110.0559,110.3012,130.0371,130.3247
2020-02-13,100.5924,100.7924,109.6988,109.9441,130.4259,130.7082
2020-02-14,100.4794,100.6794,109.1247,109.3724,130.8894,131.1829
2020-02-17,100.5153,100.7153,108.9553,109.2012,130.7582,131.0418
2020-02-18,100.7853,100.9853,109.2276,109.46,131.0376,131.3247
2020-02-19,100.9824,101.1824,109.1412,109.3829,131.5694,131.8618
2020-02-20,101.1482,101.3482,109.1935,109.4424,131.3041,131.5929
2020-02-21,101.1853,101.3853,109.2465,109.4924,130.2382,130.5324
2020-02-24,101.1324,101.3324,109.2188,109.4606,130.6782,130.9735
2020-02-25,101.05,101.25,109.3059,109.5494,130.4435,130.7394
2020-02-26,101.03,101.23,109.5341,109.7829,131.0435,131.3329
2020-02-27,100.8265,101.0265,109.4941,109.7471,130.3865,130.6776
2020-02-28,100.8824,101.0824,110.6594,110.9082,129.9671,130.2594
2020-03-02,101.0647,101.2647,110.9571,111.2124,130.01,130.3
2020-03-03,101.2735,101.4735,112.8476,113.1094,129.4206,129.7171
2020-03-04,102.2765,102.4765,113.5688,113.8182,130.6476,130.9359
2020-03-05,102.7912,102.9912,114.4082,114.6665,131.7294,132.0206
2020-03-06,102.4529,102.6529,114.6141,114.8724,132.3029,132.5918
2020-03-09,102.5735,102.7735,116.1888,116.45,133.3312,133.6265
2020-03-10,102.7982,102.9982,116.7906,117.0506,134.3394,134.6459
2020-03-11,102.6029,102.8,116.6235,116.8806,133.6065,133.8994
2020-03-12,102.3735,102.5735,116.1747,116.4388,132.5759,132.8729
2020-03-13,102.3206,102.5265,114.96,115.2135,129.5029,129.7924
2020-03-16,102.8029,102.9971,114.3629,114.6176,128.31,128.5882
2020-03-17,103.2853,103.4853,115.1382,115.3912,126.4635,126.7424
2020-03-18,103.6206,103.8206,114.3294,114.5806,125.4147,125.6929
2020-03-19,104.1235,104.3235,113.4612,113.7106,122.8565,123.1418
2020-03-20,104.9941,105.2,113.3176,113.57,121.9047,122.1788
2020-03-23,105.9029,106.1206,113.2835,113.5276,124.86,125.1359
2020-03-24,106.4382,106.65,114.4365,114.6782,123.7024,123.99
2020-03-25,106.3176,106.5235,114.7212,114.9735,125.2229,125.5047
2020-03-26,106.0971,106.2971,114.7647,115.0276,125.3912,125.6929
2020-03-27,105.0147,105.2147,115.2229,115.5059,125.81,126.1012
2020-03-30,104.3447,104.55,114.4318,114.6841,127.5441,127.8459
2020-03-31,104.5929,104.7924,115.2606,115.5053,129.7294,130.0165
2020-04-01,105.0076,105.2135,114.9953,115.2418,129.61,129.8971
2020-04-02,105.0853,105.2912,114.9659,115.2106,130.3894,130.6735
2020-04-03,105.5653,105.7653,115.1712,115.4259,131.0865,131.3747
2020-04-06,105.8053,106.0047,114.2635,114.5147,129.6794,129.9594
2020-04-07,106.0765,106.2765,114.6247,114.88,130.2988,130.5906
2020-04-08,106.3741,106.5741,115.8241,116.0665,131.3159,131.6041
2020-04-09,105.9035,106.1035,115.0394,115.2835,130.8988,131.1812
2020-04-14,105.8088,106.0088,115.2394,115.4853,131.4024,131.6865
2020-04-15,105.8038,106.0031,115.9369,116.1769,132.9369,133.2344
2020-04-16,105.8088,106.0088,115.0129,115.26,131.9171,132.1929
2020-04-17,106.1029,106.3029,115.2959,115.5465,132.3488,132.6394
2020-04-20,106.6941,106.8941,115.5771,115.8194,132.8224,133.1012
2020-04-21,106.7824,106.9824,115.9629,116.2153,132.8635,133.1553
2020-04-22,106.8941,107.0941,115.7765,116.02,131.4594,131.7329
2020-04-23,107.0412,107.2412,116.2682,116.5206,132.2829,132.5618
2020-04-24,107.1447,107.3441,115.5029,115.76,132.3135,132.5959
2020-04-27,106.8265,107.0265,115.2553,115.5076,131.9518,132.2429
2020-04-28,107.1382,107.3382,116.1882,116.4435,133.1035,133.3741
2020-04-29,107.1753,107.3747,116.5512,116.7982,133.8335,134.1241
2020-04-30,107.1918,107.3912,116.2935,116.5388,132.9494,133.2276
2020-05-04,107.1653,107.3647,116.4724,116.7159,133.8318,134.1176
2020-05-05,106.5094,106.7088,116.4947,116.7388,132.5753,132.87
2020-05-06,106.2094,106.4088,115.0729,115.3153,132.2912,132.5741
2020-05-07,105.9771,106.1765,114.5047,114.7465,131.1506,131.4412
2020-05-08,105.9088,106.1088,114.2612,114.51,130.4429,130.7212
2020-05-11,105.9271,106.1265,114.8382,115.0859,131.1241,131.4047
2020-05-12,106.0388,106.2382,114.7188,114.9535,130.7271,131.0182
2020-05-13,106.4276,106.6276,115.3682,115.6129,131.4924,131.7782
2020-05-14,106.4947,106.6947,115.7294,115.9729,131.2776,131.5588
2020-05-15,106.7112,106.9112,115.1547,115.3959,130.1859,130.4612
2020-05-18,106.9353,107.1353,115.5376,115.7882,130.2094,130.4982
2020-05-19,106.59,106.79,115.2347,115.4776,129.8218,130.1188
2020-05-20,106.7,106.9,116.8576,117.1147,130.6318,130.9188
2020-05-21,106.7894,106.9894,117.0129,117.2665,130.9518,131.2394
2020-05-22,106.8694,107.0694,117.4253,117.6729,130.6553,130.9388
2020-05-26,106.9076,107.1076,116.5971,116.8506,130.2329,130.5235
2020-05-27,107.0088,107.2088,117.1318,117.3888,131.4647,131.7624
2020-05-28,106.9265,107.1265,117.8312,118.0818,131.7159,131.9982
2020-05-29,106.8435,107.0435,117.6771,117.9359,131.0,131.2876
2020-06-02,106.6982,106.8982,118.8235,119.0841,131.8571,132.1382
2020-06-03,106.3488,106.5488,118.75,119.0053,133.3624,133.6529
2020-06-04,106.0235,106.2235,118.7524,119.0053,133.3382,133.6365
2020-06-05,105.9871,106.1871,118.9312,119.1865,132.8218,133.1018
2020-06-08,106.04,106.24,119.9665,120.2235,134.4035,134.6894
2020-06-09,106.1971,106.3971,119.97,120.2218,134.5506,134.84
2020-06-10,106.33,106.53,120.0212,120.2753,134.5335,134.8253
2020-06-11,106.4971,106.6971,121.13,121.3912,136.1753,136.4641
2020-06-12,106.4047,106.6047,120.8553,121.1212,134.7706,135.0635
2020-06-15,106.35,106.55,120.4018,120.6582,134.2976,134.5812
2020-06-16,106.3912,106.5912,119.6694,119.9306,133.3994,133.6876
2020-06-17,106.3853,106.5853,120.1918,120.4524,134.4812,134.7547
2020-06-18,106.2206,106.4206,119.4006,119.6547,133.3235,133.6159
2020-06-19,106.1882,106.3882,119.3235,119.5876,132.6159,132.9047
2020-06-22,106.2265,106.4265,119.1476,119.4082,131.49,131.7782
2020-06-23,106.3194,106.5194,119.3776,119.6382,132.0624,132.3482
2020-06-24,106.2694,106.4694,120.3606,120.62,132.6429,132.9229
2020-06-25,106.3029,106.5029,119.9165,120.1712,132.7082,132.9906
2020-06-26,106.41,106.61,119.4188,119.6706,132.4241,132.7059
2020-06-29,106.3576,106.5576,119.3082,119.5676,131.6618,131.9471
2020-06-30,106.4224,106.6224,120.0112,120.2688,131.0324,131.3088
2020-07-01,106.4488,106.6488,119.5259,119.7771,131.0376,131.3188
2020-07-02,106.44,106.64,119.5565,119.81,131.8653,132.1471
2020-07-03,106.5665,106.7659,120.1553,120.4082,133.1682,133.4606
2020-07-06,106.5106,106.7106,119.6318,119.8835,132.6641,132.9535
2020-07-07,106.4912,106.6912,120.2476,120.5024,133.1288,133.4135
2020-07-08,106.6471,106.8471,120.3488,120.6071,133.3694,133.6535
2020-07-09,106.8618,107.0618,120.6924,120.9447,134.0429,134.3312
2020-07-10,106.8006,107.0,121.0376,121.2959,135.0671,135.3535
2020-07-13,106.9512,107.1512,120.8388,121.0947,134.9276,135.2188
2020-07-14,107.0476,107.2465,121.2624,121.5253,135.0035,135.2918
2020-07-15,107.1853,107.3847,121.7282,121.9865,134.2053,134.4888
2020-07-16,107.2494,107.4494,122.3818,122.6459,134.8706,135.1488
2020-07-17,107.3582,107.5582,122.4841,122.7453,134.7776,135.0641
2020-07-20,107.3329,107.5329,122.3182,122.58,134.4176,134.6959
2020-07-21,107.5212,107.7206,123.1065,123.3594,135.7612,136.0412
2020-07-22,107.78,107.9794,123.2747,123.54,136.8012,137.1006
2020-07-23,108.0288,108.2288,125.1229,125.3906,137.3365,137.6212
2020-07-24,107.92,108.12,125.0271,125.2912,137.2776,137.5653
2020-07-27,107.6888,107.8888,124.9506,125.2176,137.3259,137.6165
2020-07-28,107.6188,107.8194,126.2324,126.4965,138.4318,138.7288
2020-07-29,107.6118,107.8118,126.1347,126.4,138.5218,138.8141
2020-07-30,107.6076,107.8071,126.2541,126.5247,139.4776,139.7729
2020-08-03,107.6118,107.8118,126.5418,126.8106,140.0135,140.3094
2020-08-04,107.7176,107.9171,126.2071,126.4741,140.2759,140.5688
2020-08-05,107.7941,107.9941,126.6782,126.9376,140.3718,140.6688
2020-08-06,107.8459,108.0459,127.7606,128.0288,141.5653,141.8665
2020-08-07,107.9024,108.1024,127.9582,128.2276,141.9559,142.2512
2020-08-10,107.9294,108.1294,127.5059,127.7712,141.1794,141.4724
2020-08-11,108.0165,108.2159,127.1029,127.37,141.1035,141.3988
2020-08-12,108.2329,108.4329,127.5671,127.8418,141.83,142.1318
2020-08-13,108.2918,108.4918,127.4376,127.7047,141.0912,141.3888
2020-08-14,108.19,108.3894,128.0418,128.3112,141.5882,141.8824
2020-08-17,108.2188,108.4182,127.8618,128.1306,141.8224,142.1176
2020-08-18,108.2129,108.4129,128.2824,128.5541,141.68,141.9759
2020-08-19,108.3206,108.5206,129.5629,129.8388,143.0906,143.3812
2020-08-20,108.4588,108.6588,129.0765,129.3506,143.3276,143.6212
2020-08-21,107.9088,108.1088,127.7953,128.0635,141.73,142.0335
2020-08-24,107.9147,108.1147,127.1635,127.4265,141.6076,141.9065
2020-08-25,107.9382,108.1376,127.7759,128.0388,141.6212,141.9206
2020-08-26,108.0206,108.22,127.6865,127.9559,141.8688,142.1659
2020-08-27,108.0529,108.2529,127.5418,127.8053,142.05,142.3471
2020-08-28,108.1224,108.3218,127.7176,127.9865,142.6782,142.9806
2020-08-31,108.1088,108.3088,128.4147,128.6788,143.3488,143.6476
2020-09-01,108.1147,108.3147,128.5812,128.8453,143.6088,143.9082
2020-09-02,108.1618,108.3612,129.6647,129.9312,145.6959,145.9918
2020-09-03,108.2029,108.4029,128.1171,128.3853,144.4653,144.7747
2020-09-04,108.2224,108.4224,128.0571,128.3176,143.6218,143.9247
2020-09-07,108.2282,108.4282,128.0135,128.2847,143.8235,144.1294
2020-09-08,108.2353,108.4353,128.0288,128.2959,142.6518,142.9512
2020-09-09,108.2735,108.4735,127.8312,128.1041,141.7824,142.0859
2020-09-10,108.2971,108.4971,127.7147,127.9835,140.1871,140.4841
2020-09-11,108.3488,108.5488,128.2688,128.5371,140.5541,140.8518
2020-09-14,108.4,108.6,128.4212,128.6912,138.91,139.2059
2020-09-15,108.4559,108.6559,128.6776,128.9429,139.3324,139.6247
2020-09-16,108.5382,108.7376,129.0841,129.3535,140.1718,140.4712
2020-09-17,108.2794,108.4794,128.5506,128.8135,140.4012,140.6976
2020-09-18,108.2912,108.4912,128.0153,128.2824,139.6094,139.9071
2020-09-21,108.3,108.5,128.27,128.5388,140.29,140.59
2020-09-22,108.2618,108.4618,127.6565,127.9241,139.2229,139.5265
2020-09-23,108.3176,108.5176,127.4253,127.6906,139.0041,139.3024
2020-09-24,108.3129,108.5124,126.6882,126.9535,137.8106,138.0988
2020-09-25,108.3694,108.5688,126.3612,126.6224,138.2459,138.5188
2020-09-28,108.3782,108.5776,126.4306,126.6924,138.1747,138.4712
2020-09-29,108.3882,108.5876,126.6535,126.9206,139.4682,139.7676
2020-09-30,108.3971,108.5971,126.7582,127.0294,139.3624,139.6653
2020-10-01,108.3471,108.5471,126.8524,127.1253,139.1606,139.4541
2020-10-02,108.3853,108.5853,127.28,127.5394,140.0988,140.3929
2020-10-05,108.3924,108.5918,127.1012,127.3665,140.1794,140.4788
2020-10-06,108.4029,108.6024,127.2818,127.5471,140.3382,140.6324
2020-10-07,108.4276,108.6276,127.7929,128.0547,140.3829,140.6806
2020-10-08,108.4294,108.6294,127.5624,127.8329,139.84,140.1359
2020-10-09,108.4171,108.6165,127.4276,127.6959,139.9429,140.2359
2020-10-12,108.4265,108.6259,127.6676,127.9329,140.2082,140.4959
2020-10-13,108.45,108.6494,128.0382,128.3076,141.3676,141.6506
2020-10-14,108.4853,108.6853,127.7024,127.9806,141.0365,141.3329
2020-10-15,108.5053,108.7053,127.5065,127.7676,141.1453,141.4388
2020-10-16,108.5224,108.7224,127.1182,127.3876,140.4712,140.7729
2020-10-19,108.5765,108.7765,127.2729,127.5365,140.1624,140.4494
2020-10-21,108.6188,108.8182,127.8312,128.0994,141.1253,141.4194
2020-10-22,108.6482,108.8482,128.6441,128.9106,141.7918,142.0835
2020-10-23,108.6735,108.8735,128.42,128.69,142.1553,142.4465
2020-10-26,108.6882,108.8882,128.7388,129.0141,141.9929,142.2906
2020-10-27,108.7265,108.9265,128.5471,128.8153,141.6129,141.9165
2020-10-28,108.7353,108.9353,128.5759,128.8512,141.7653,142.0547
2020-10-29,108.7265,108.9265,127.5765,127.8388,140.9076,141.2076
2020-10-30,108.7188,108.9188,127.1335,127.4006,141.0171,141.3106
2020-11-02,108.7324,108.9324,127.0347,127.3012,140.8641,141.1582
2020-11-03,108.7382,108.9382,126.7612,127.02,140.6218,140.92
2020-11-04,108.7647,108.9647,127.2759,127.54,141.2424,141.5371
2020-11-05,108.7682,108.9682,127.2441,127.5071,141.4118,141.7106
2020-11-06,108.8059,109.0059,128.7141,128.9888,142.2576,142.5535
2020-11-09,108.8182,109.0182,129.1547,129.4235,142.7076,143.0053
2020-11-10,108.8347,109.0347,129.0765,129.34,143.2218,143.5182
2020-11-11,108.8665,109.0665,128.4965,128.7671,144.3041,144.6094
2020-11-12,108.9341,109.1341,128.1847,128.4559,144.4859,144.7888
2020-11-13,109.0118,109.2118,128.6147,128.8776,143.4441,143.7382
2020-11-16,109.1018,109.3012,128.9076,129.1735,143.5771,143.8718
2020-11-17,109.1335,109.3335,129.2329,129.4924,144.0259,144.3229
2020-11-18,109.16,109.36,129.5676,129.8406,144.5288,144.8288
2020-11-19,109.2188,109.4188,129.6376,129.9029,144.9024,145.2059
2020-11-20,109.2924,109.4924,129.3206,129.5841,144.6982,144.9965
2020-11-23,109.3547,109.5547,129.7371,130.0065,145.2041,145.5059
2020-11-24,109.44,109.64,130.2071,130.4759,146.4312,146.7341
2020-11-25,109.6194,109.8194,130.0888,130.3524,146.13,146.4312
2020-11-26,109.76,109.96,130.5129,130.7824,146.3782,146.68
2020-11-27,109.8847,110.0847,130.7682,131.0424,146.6271,146.9218
2020-11-30,109.9535,110.1535,131.0424,131.3165,146.5741,146.8741
2020-12-01,109.9712,110.1712,131.5188,131.7918,146.7112,147.0124
2020-12-02,109.9959,110.1959,131.4753,131.7412,146.7565,147.0624
2020-12-03,110.5694,110.7694,133.1,133.3759,147.6512,147.9524
2020-12-04,110.9618,111.1618,134.3106,134.5771,148.5888,148.8959
2020-12-07,111.0318,111.2318,134.94,135.22,149.63,149.9435
2020-12-08,111.2971,111.4971,135.1435,135.42,148.0447,148.3512
2020-12-09,111.31,111.51,134.8894,135.1647,148.7253,149.0312
2020-12-10,111.3388,111.5388,134.9018,135.1671,149.7853,150.0888
2020-12-11,111.3812,111.5812,134.7888,135.0576,148.0912,148.3812
2020-12-14,111.4276,111.6276,134.7406,135.0229,147.0735,147.3735
2020-12-15,111.4635,111.6635,135.4112,135.6918,149.6324,149.9382
2020-12-16,111.4871,111.6871,135.3718,135.6476,148.99,149.2882
2020-12-17,111.4912,111.6912,135.8071,136.0829,150.5982,150.9053
2020-12-18,111.4718,111.6718,136.1653,136.4388,151.5576,151.8635
2020-12-21,111.3453,111.5453,136.3271,136.6041,150.5706,150.8706
2020-12-22,110.9382,111.1382,134.8888,135.1624,147.3412,147.6471
2020-12-23,109.3441,109.5441,133.5929,133.8706,146.7635,147.0647
2020-12-24,108.6882,108.8882,132.5118,132.7876,145.9559,146.2565
2020-12-28,108.6676,108.8676,132.5406,132.8147,147.4741,147.7759
2020-12-29,108.6694,108.8694,132.6282,132.8982,146.6759,146.9718
2020-12-30,108.9353,109.1353,133.3882,133.6576,147.0629,147.3624
2020-12-31,109.0718,109.2718,133.7594,134.0306,148.2054,148.5085
2021-01-04,109.1165,109.3165,134.0429,134.3129,148.9159,149.2159
2021-01-05,109.1853,109.3853,134.2271,134.5076,149.0006,149.2994
2021-01-06,109.2794,109.4794,134.1312,134.4082,148.4576,148.7606
2021-01-07,109.3718,109.5718,134.7359,135.0147,148.8535,149.1612
2021-01-08,109.45,109.65,134.3806,134.6594,148.7318,149.0453
2021-01-11,109.45,109.65,134.1424,134.4182,148.6382,148.9494
2021-01-12,109.4471,109.6471,133.4988,133.7682,147.9476,148.2641
2021-01-13,109.5682,109.7682,133.1565,133.4288,148.9547,149.2624
2021-01-14,109.8706,110.0706,133.6241,133.9024,150.1947,150.5059
2021-01-15,110.0,110.2,133.8488,134.1247,150.0288,150.3376
2021-01-18,109.9729,110.1729,133.5953,133.8712,149.9535,150.2653
2021-01-19,110.0029,110.2029,132.7924,133.0676,149.0741,149.3718
2021-01-20,110.0829,110.2829,133.4212,133.6988,149.8835,150.1688
2021-01-21,110.0853,110.2853,133.4224,133.6947,150.4618,150.7676
2021-01-22,109.7088,109.9088,133.2024,133.4747,150.4888,150.7876
2021-01-25,109.9235,110.1235,133.5759,133.85,150.0847,150.3853
2021-01-26,109.9941,110.1941,133.7365,134.0035,150.5576,150.86
2021-01-27,110.0,110.2,133.5547,133.8324,150.4647,150.7712
2021-01-28,110.0482,110.2482,133.1682,133.4435,150.8029,151.1118
2021-01-29,110.0441,110.2441,133.0218,133.2982,150.3935,150.7
2021-02-01,110.05,110.25,133.2512,133.5188,150.7218,151.0318
2021-02-02,110.0471,110.2471,132.9624,133.2365,150.7224,151.0335
2021-02-03,109.9071,110.1071,132.1588,132.4247,150.0965,150.4024
2021-02-04,109.7647,109.9647,131.8453,132.1165,149.7259,150.0276
2021-02-05,109.7206,109.9206,131.5582,131.8259,149.5912,149.8953
2021-02-08,109.5559,109.7559,131.2606,131.53,149.9759,150.2776
2021-02-09,109.5441,109.7441,131.6218,131.8947,150.1247,150.4312
2021-02-10,109.4518,109.6518,132.2647,132.5318,150.7141,151.0171
2021-02-11,109.3512,109.5512,132.5182,132.7912,150.1888,150.4965
2021-02-12,109.3429,109.5429,132.6582,132.9247,151.2912,151.5971
2021-02-15,109.3471,109.5471,132.5288,132.7971,151.0076,151.3106
2021-02-16,109.35,109.55,132.6176,132.8924,151.7853,152.0953
2021-02-17,109.3588,109.5588,132.6759,132.9488,151.9871,152.2994
2021-02-18,109.4471,109.6471,131.8971,132.1665,151.7129,152.0218
2021-02-19,109.45,109.65,132.1547,132.4312,152.5088,152.8176
2021-02-22,109.4971,109.6971,132.8629,133.1324,153.2982,153.6065
2021-02-23,109.5,109.7,132.7829,133.0594,153.4947,153.7965
2021-02-24,109.6029,109.8,133.1076,133.3853,154.2412,154.5553
2021-02-25,109.6676,109.8676,133.3253,133.5971,155.0635,155.3765
2021-02-26,109.7,109.9,133.6947,133.97,154.68,154.9912
2021-03-01,109.7029,109.9029,133.0494,133.3229,153.3159,153.6388
2021-03-02,109.7,109.9,132.1094,132.3688,153.0106,153.3053
2021-03-03,109.7,109.9,131.9153,132.1982,152.5982,152.9065
2021-03-04,109.5941,109.7941,132.2459,132.5153,152.9706,153.2835
2021-03-05,109.5518,109.7518,131.9024,132.1694,152.8429,153.1512
2021-03-08,109.54,109.74,131.0306,131.3041,151.7606,152.0741
2021-03-09,109.5488,109.7488,130.4194,130.6865,151.7118,152.0218
2021-03-10,109.5488,109.7488,130.4429,130.7165,151.9735,152.2847
2021-03-11,109.5488,109.7488,130.4459,130.7141,152.0218,152.3318
2021-03-12,109.5488,109.7488,130.7888,131.0553,152.4759,152.7824
2021-03-15,109.5488,109.7488,130.7641,131.0288,152.5141,152.8212
2021-03-16,109.5547,109.7547,130.7071,130.9747,152.5547,152.86
2021-03-17,109.5941,109.7941,130.8335,131.1006,151.7835,152.0947
2021-03-18,109.6971,109.8971,130.5776,130.8482,152.5029,152.8124
2021-03-19,109.7576,109.9576,130.9547,131.2276,153.0112,153.3229
2021-03-22,109.7559,109.9559,130.71,130.9824,152.4812,152.7894
2021-03-23,109.7588,109.9588,130.7835,131.06,152.2859,152.5929
2021-03-24,109.75,109.95,130.5424,130.8153,151.7094,152.0129
2021-03-25,109.7147,109.9147,129.9706,130.2371,150.7924,151.0982
2021-03-26,109.6853,109.8853,129.6141,129.8871,150.2965,150.6035
2021-03-29,109.6529,109.8529,129.2165,129.4853,150.8541,151.1618
2021-03-30,109.6176,109.8176,129.1635,129.4224,151.3924,151.6988
2021-03-31,109.4118,109.6118,128.4718,128.7353,150.5353,150.8365
2021-04-01,109.25,109.45,128.3806,128.6429,150.5194,150.8235
2021-04-06,108.8218,109.0218,127.7918,128.06,150.0118,150.3176
2021-04-07,108.5029,108.7029,128.1524,128.4106,150.1041,150.4129
2021-04-08,108.1412,108.3412,128.4976,128.7682,148.9882,149.2918
2021-04-09,107.8706,108.0706,128.2129,128.4865,148.32,148.6241
2021-04-12,107.1882,107.3882,127.5071,127.7771,147.0794,147.3894
2021-04-13,107.0,107.2,127.4771,127.7453,147.1971,147.4994
2021-04-14,106.7971,106.9971,127.1041,127.3682,146.7118,147.0165
2021-04-15,106.7059,106.9059,127.6465,127.9159,146.9524,147.2529
2021-04-16,106.96,107.16,128.0106,128.2794,147.5276,147.8359
2021-04-19,107.3929,107.5929,128.6265,128.8935,147.8671,148.1694
2021-04-20,107.8488,108.0488,129.7476,130.0241,149.9124,150.2294
2021-04-21,108.0118,108.2118,130.1482,130.4218,150.75,151.0576
2021-04-22,108.3206,108.5206,130.0365,130.3106,150.5935,150.9006
2021-04-23,108.4265,108.6265,130.5847,130.8618,150.5312,150.8335
2021-04-26,108.4353,108.6353,130.7959,131.0688,150.3818,150.6871
2021-04-27,108.0,108.2,130.5124,130.7806,149.9841,150.2953
2021-04-28,107.7471,107.9471,130.11,130.3829,149.7294,150.0376
2021-04-29,107.7382,107.9382,130.0241,130.2982,149.57,149.8812
2021-04-30,107.7441,107.9441,130.4918,130.7647,150.1165,150.4282
2021-05-03,107.7441,107.9441,130.2444,130.5163,149.7565,150.0588
2021-05-04,107.6147,107.8147,129.6682,129.9376,149.2276,149.5353
2021-05-05,107.1559,107.3559,128.8794,129.15,148.7782,149.0853
2021-05-06,106.8794,107.0794,128.3841,128.6512,148.6806,148.9882
2021-05-07,106.7588,106.9588,127.8071,128.0765,147.52,147.8218
2021-05-10,106.6353,106.8353,128.7106,128.9771,148.2794,148.5882
2021-05-11,106.4382,106.6382,129.4194,129.6888,150.1635,150.4753
2021-05-12,106.6971,106.8971,129.5694,129.8429,150.7547,151.0671
2021-05-13,106.9235,107.1235,129.6082,129.8865,151.0518,151.3688
2021-05-17,107.0735,107.2735,129.3188,129.5882,150.2841,150.5971
2021-05-18,107.1824,107.3824,130.3394,130.6041,151.1241,151.4371
2021-05-19,107.4224,107.6224,131.1329,131.41,152.4682,152.7835
2021-05-20,107.8235,108.0235,131.5488,131.8259,152.5412,152.8653
2021-05-21,108.1294,108.3294,131.8753,132.1541,152.7535,153.0612
2021-05-24,108.1382,108.3382,132.0612,132.3353,153.4647,153.7806
2021-05-25,107.9235,108.1235,131.7871,132.0559,152.4694,152.7806
2021-05-26,107.6353,107.8353,131.9176,132.1941,152.4359,152.7494
2021-05-27,107.4735,107.6735,131.3065,131.5876,151.9818,152.2935
2021-05-28,107.4382,107.6382,131.0618,131.3371,152.1424,152.4571
2021-05-31,107.4912,107.6912,130.7482,131.0182,152.1641,152.4847
2021-06-02,107.5941,107.7941,131.17,131.4318,152.5712,152.8718
2021-06-03,107.6324,107.8324,131.1906,131.46,152.2488,152.5606
2021-06-04,107.7,107.8994,131.3,131.5735,152.7765,153.0888
2021-06-07,107.7382,107.9382,130.8506,131.1247,152.5094,152.8218
2021-06-08,107.8,108.0,131.1876,131.4582,152.6806,152.9947
2021-06-09,107.85,108.05,131.3094,131.5718,152.5294,152.8476
2021-06-10,107.8029,108.0029,131.5206,131.8,152.5676,152.8841
2021-06-11,107.8,108.0,131.2112,131.4829,152.0994,152.4053
2021-06-14,107.7006,107.9006,130.7441,131.0171,152.3788,152.6912
2021-06-15,107.6935,107.8935,130.5088,130.7841,151.9741,152.2859
2021-06-16,107.6706,107.8706,130.4576,130.7359,151.5782,151.8871
2021-06-17,107.6971,107.8971,130.5165,130.7906,151.9859,152.2976
2021-06-18,107.7,107.9,129.5171,129.7929,151.1118,151.4165
2021-06-21,107.7,107.9,128.5365,128.8124,149.7524,150.06
2021-06-22,107.7,107.9,128.2135,128.4853,149.5682,149.8829
2021-06-23,107.6971,107.8971,128.0841,128.3529,149.6241,149.9271
2021-06-24,107.6706,107.8706,128.6435,128.9141,150.5565,150.8582
2021-06-25,107.6529,107.8529,128.4682,128.74,149.9841,150.2947
2021-06-28,107.65,107.85,128.5665,128.8371,149.8565,150.1576
2021-06-29,107.6824,107.8824,128.4782,128.7524,149.7647,150.0724
2021-06-30,107.75,107.95,128.09,128.3629,149.0488,149.3571
2021-07-01,107.8206,108.0206,128.0671,128.3341,149.1547,149.4629
2021-07-02,107.8529,108.0529,127.9912,128.2565,148.9082,149.2165
2021-07-05,107.8441,108.0441,127.6576,127.9229,148.4818,148.7871
2021-07-06,107.85,108.05,127.8882,128.1482,149.1094,149.4135
2021-07-07,107.85,108.05,127.8088,128.0718,149.3912,149.7047
2021-07-08,107.85,108.05,127.4682,127.7353,148.8759,149.1924
2021-07-09,107.85,108.05,127.6912,127.9618,148.6106,148.9224
2021-07-12,107.85,108.05,127.8135,128.0765,149.0171,149.3318
2021-07-13,107.85,108.05,127.7982,128.0571,149.3194,149.6347
2021-07-14,107.8824,108.0824,127.7347,128.0071,149.3818,149.6865
2021-07-15,107.9324,108.1324,127.5476,127.8165,149.6788,149.9853
2021-07-16,108.0882,108.2882,127.7612,128.0312,149.6865,149.9976
2021-07-19,108.1,108.3,127.6776,127.9471,149.4576,149.7647
2021-07-21,108.1,108.3,127.5141,127.7865,148.6553,148.9647
2021-07-22,108.1,108.3,127.3476,127.6176,147.9835,148.2876
2021-07-23,108.1,108.3,127.52,127.7865,148.6194,148.93
2021-07-26,108.1941,108.3941,127.3453,127.6171,148.7641,149.0765
2021-07-27,108.3941,108.5941,127.78,128.0488,149.3647,149.6765
2021-07-28,108.4206,108.6206,127.8971,128.1641,149.5929,149.8971
2021-07-29,108.4912,108.6912,128.1076,128.3724,150.4747,150.7829
2021-07-30,108.5088,108.7088,128.5576,128.8259,151.0429,151.3535
2021-08-02,108.5265,108.7265,128.8912,129.1606,151.4529,151.7653
2021-08-03,108.5324,108.7324,128.9082,129.1729,150.9912,151.31
2021-08-04,108.5471,108.7471,128.8453,129.1159,150.9347,151.2476
2021-08-05,108.5735,108.7735,128.9212,129.1871,151.1224,151.4329
2021-08-06,108.6241,108.8241,128.6112,128.8753,151.2159,151.5288
2021-08-09,108.6688,108.8688,128.3312,128.5824,151.1929,151.4971
2021-08-10,108.7382,108.9382,127.8471,128.1147,150.9194,151.2235
2021-08-11,108.9176,109.1176,127.6347,127.9012,150.9406,151.2412
2021-08-12,109.0353,109.2353,127.8324,128.1053,150.9835,151.2953
2021-08-13,109.0971,109.2971,127.9794,128.2394,151.0988,151.4047
2021-08-16,109.1559,109.3559,128.2171,128.4841,150.8694,151.1782
2021-08-17,109.2588,109.4588,128.6306,128.8841,151.4076,151.7165
2021-08-18,109.3176,109.5176,128.6129,128.8771,150.7788,151.0841
2021-08-19,109.3853,109.5853,128.2165,128.4771,150.5394,150.8488
2021-08-20,109.4324,109.6324,127.9565,128.2259,149.8453,150.1576
2021-08-23,109.4529,109.6529,127.7841,128.0471,149.08,149.3818
2021-08-24,109.4982,109.6982,128.2406,128.5141,149.7641,150.0576
2021-08-25,109.5324,109.7324,128.5529,128.8159,150.2112,150.5035
2021-08-26,109.6059,109.8059,128.7,128.9688,150.3112,150.6153
2021-08-27,109.6776,109.8776,128.9635,129.2329,150.5994,150.9029
2021-08-30,109.7182,109.9182,129.0018,129.2665,150.4706,150.7729
2021-08-31,109.7718,109.9718,129.4647,129.7241,150.9829,151.2859
2021-09-01,109.7924,109.9865,129.9212,130.1853,151.3571,151.6571
2021-09-02,109.8335,110.0335,129.8918,130.1606,151.2647,151.5729
2021-09-03,109.8865,110.0865,130.1247,130.3912,151.45,151.7624
2021-09-06,109.9306,110.1306,130.4494,130.7218,151.9659,152.2729
2021-09-07,109.9512,110.1512,130.4529,130.7294,152.1188,152.4212
2021-09-08,109.98,110.18,130.3682,130.6424,151.6129,151.9212
2021-09-09,109.9988,110.1988,130.1282,130.4041,151.5206,151.8318
2021-09-10,109.7735,109.9735,129.8906,130.1576,151.6624,151.9724
2021-09-13,109.7676,109.9676,129.8535,130.1147,152.0388,152.3429
2021-09-14,109.7529,109.9529,129.4006,129.6659,151.6706,151.9747
2021-09-15,109.8441,110.0441,129.6929,129.9641,152.2118,152.5206
2021-09-16,109.9294,110.1294,129.9324,130.1941,152.0371,152.3518
2021-09-17,109.9941,110.1941,129.5324,129.8029,152.1165,152.4194
2021-09-20,110.0659,110.2659,129.6376,129.9053,151.8,152.1035
2021-09-21,110.0971,110.2971,129.2365,129.5041,150.9618,151.27
2021-09-22,110.1765,110.3765,129.3071,129.5712,150.7112,151.0159
2021-09-23,110.2882,110.4882,129.3612,129.6282,150.53,150.8318
2021-09-24,110.2765,110.4765,129.1953,129.46,150.8829,151.1924
2021-09-27,110.2824,110.4824,129.3259,129.5912,151.0165,151.3276
2021-09-28,110.3018,110.5018,129.1194,129.3841,150.9876,151.29
2021-09-29,110.3494,110.5494,128.9812,129.2482,150.4294,150.7382
2021-09-30,110.3859,110.5859,128.8782,129.1388,149.4906,149.7976
2021-10-01,110.3947,110.5947,128.2476,128.5041,148.7812,149.0853
2021-10-04,110.4088,110.6088,128.2088,128.4771,149.2976,149.6
2021-10-05,110.4529,110.6529,128.5135,128.7741,149.8606,150.1653
2021-10-06,110.5194,110.7194,128.2582,128.5224,150.3947,150.7006
2021-10-07,110.5929,110.7929,127.6524,127.9171,150.0512,150.3465
2021-10-08,110.6165,110.8165,127.7688,128.0288,150.3071,150.6141
2021-10-12,110.6371,110.8371,127.8024,128.0641,150.4882,150.7976
2021-10-13,110.6694,110.8694,127.7747,128.0394,150.5424,150.8429
2021-10-14,110.7106,110.9106,127.8529,128.1241,150.6765,150.9835
2021-10-15,110.7676,110.9676,128.5012,128.7618,151.7365,152.0429
2021-10-18,110.7941,110.9941,128.5135,128.7718,151.9041,152.2153
2021-10-19,110.8118,111.0118,128.4735,128.7371,152.0488,152.3571
2021-10-21,110.9176,111.1176,129.2253,129.4847,153.2412,153.5482
2021-10-22,110.9559,111.1559,129.1953,129.4529,153.1676,153.4706
2021-10-25,110.9853,111.1853,129.1612,129.4182,153.0676,153.3753
2021-10-26,111.0265,111.2265,128.9747,129.2324,152.8112,153.1176
2021-10-27,111.0471,111.2471,128.9624,129.2218,153.1271,153.4341
2021-10-28,111.0529,111.2529,128.9447,129.2082,152.7506,153.0506
2021-10-29,111.1147,111.3147,128.9465,129.2141,152.81,153.1165
2021-11-01,111.1441,111.3441,129.41,129.6741,153.1665,153.4753
2021-11-02,111.1941,111.3941,128.8565,129.1206,152.23,152.5376
2021-11-03,111.2559,111.4559,128.9982,129.2665,151.9024,152.2124
2021-11-04,111.3382,111.5382,128.9671,129.2276,151.8776,152.1912
2021-11-05,111.4471,111.6471,128.7318,128.9953,151.6771,151.9847
2021-11-08,111.4941,111.6941,128.7071,128.9653,150.6576,150.9635
2021-11-09,111.5541,111.7541,128.9253,129.1835,150.5641,150.8541
2021-11-10,111.6,111.8,129.1912,129.4465,151.2124,151.5159
2021-11-11,111.6735,111.8735,129.0706,129.3318,150.9747,151.2794
2021-11-12,111.7147,111.9147,128.2912,128.5582,149.9941,150.2935
2021-11-15,111.8118,112.0118,127.9912,128.2547,149.7194,150.0141
2021-11-16,111.8735,112.0735,128.0929,128.3435,150.1424,150.44
2021-11-17,111.9118,112.1118,127.4653,127.7259,150.4235,150.7188
2021-11-18,112.0088,112.2088,126.7565,127.0153,150.6512,150.9488
2021-11-19,112.0824,112.2824,127.0171,127.2753,151.1406,151.4371
2021-11-22,112.1529,112.3529,126.7141,126.9688,150.8494,151.1459
2021-11-23,112.1882,112.3882,126.6571,126.9135,150.8565,151.1482
2021-11-24,112.25,112.45,126.3524,126.6006,150.2671,150.5647
2021-11-25,112.2647,112.4647,126.1753,126.4294,150.2647,150.5665
2021-11-26,112.2853,112.4853,126.0259,126.2771,149.8188,150.1224
2021-11-29,112.3441,112.5441,126.5353,126.7882,149.7482,150.0482
2021-11-30,112.3882,112.5882,126.8306,127.0941,149.95,150.2612
2021-12-01,112.4235,112.6235,127.3629,127.6241,149.8982,150.2029
2021-12-02,112.4647,112.6647,127.3235,127.5771,149.8371,150.14
2021-12-03,112.5265,112.7265,127.4129,127.6641,149.7506,150.0612
2021-12-06,112.5735,112.7735,127.2659,127.5247,149.5141,149.8159
2021-12-07,112.6059,112.8059,127.1947,127.4465,149.4418,149.7394
2021-12-08,112.7088,112.9088,126.9494,127.2012,149.3765,149.6776
2021-12-09,112.7571,112.9571,127.1341,127.3871,148.9865,149.2859
2021-12-10,112.7876,112.9876,127.5682,127.8229,148.8788,149.1847
2021-12-14,112.8147,113.0147,127.3624,127.6112,148.9988,149.2888
2021-12-15,112.8235,113.0235,127.4418,127.6941,149.2259,149.5188
2021-12-16,112.8559,113.0559,127.2476,127.5024,149.4524,149.7453
2021-12-17,112.9059,113.1059,127.7412,128.0029,150.2647,150.5594
2021-12-20,112.9265,113.1265,127.8435,128.1059,150.2276,150.5241
2021-12-21,112.9441,113.1441,127.3982,127.6541,149.5488,149.8465
2021-12-22,112.9471,113.1471,127.5,127.7612,149.6541,149.9512
2021-12-23,112.9618,113.1618,127.55,127.8071,150.0776,150.3729
2021-12-24,112.9794,113.1794,127.8276,128.08,150.8953,151.1947
2021-12-28,113.0,113.2,127.9924,128.2453,151.0941,151.4082
2021-12-29,113.0059,113.2059,127.9624,128.2088,151.46,151.7647
2021-12-30,113.0265,113.2265,127.7512,128.0059,151.5682,151.8741
2021-12-31,113.0412,113.2412,127.8653,128.1212,151.9024,152.2053
2022-01-03,113.0382,113.2382,127.9594,128.22,152.1853,152.4871
2022-01-04,113.0559,113.2559,128.1371,128.3971,152.3376,152.6365
2022-01-05,113.0735,113.2735,127.7482,128.0106,152.3665,152.6671
2022-01-06,113.0853,113.2853,127.9318,128.1982,152.8359,153.1459
2022-01-07,113.1206,113.3206,127.9071,128.1688,152.9618,153.2653
2022-01-10,113.1382,113.3382,127.8906,128.1459,153.0947,153.4024
2022-01-11,113.1765,113.3765,128.1247,128.3782,153.5235,153.8306
2022-01-12,113.2118,113.4118,128.2935,128.5482,153.6659,153.9612
2022-01-13,113.2329,113.4329,128.6329,128.8918,154.1218,154.4271
2022-01-14,113.2676,113.4676,129.3682,129.6159,154.9788,155.2865
2022-01-17,113.2941,113.4941,129.3794,129.6365,154.9047,155.2165
2022-01-18,113.3147,113.5147,129.1629,129.4088,154.4859,154.8088
2022-01-19,113.3676,113.5676,129.0765,129.3353,154.16,154.4888
2022-01-20,113.4,113.6,128.5735,128.8241,154.4082,154.7253
2022-01-21,113.4176,113.6176,128.6141,128.8706,154.1412,154.4553
2022-01-24,113.4294,113.6294,128.5812,128.8418,153.8465,154.1476
2022-01-25,113.4382,113.6382,128.3947,128.6547,153.3812,153.6888
2022-01-26,113.4471,113.6471,128.1318,128.3847,152.9206,153.2429
2022-01-27,113.4471,113.6471,127.9818,128.2288,153.0082,153.3118
2022-01-28,113.4706,113.6706,127.2488,127.4982,152.4482,152.7576
2022-01-31,113.4735,113.6735,127.0988,127.3441,152.3994,152.7059
2022-02-01,113.4765,113.6765,126.9765,127.2253,152.4235,152.7412
2022-02-02,113.4765,113.6765,127.5118,127.7635,152.7324,153.0265
2022-02-03,113.4865,113.6865,127.9194,128.1729,153.1865,153.4959
2022-02-04,113.5029,113.7029,127.9524,128.2029,153.4947,153.8012
2022-02-07,113.5088,113.7088,129.1782,129.4318,153.6347,153.9359
2022-02-08,113.5206,113.7206,129.1488,129.3971,153.4076,153.7147
2022-02-09,113.5265,113.7265,129.4394,129.6882,153.6318,153.9424
2022-02-10,113.5265,113.7265,129.4312,129.6876,153.7371,154.0441
2022-02-11,113.5265,113.7265,129.4847,129.7429,153.7012,154.0071
2022-02-14,113.5265,113.7265,129.3382,129.5924,153.74,154.0506
2022-02-15,113.5294,113.7294,128.8741,129.1259,153.5335,153.8447
2022-02-16,113.5353,113.7353,128.9424,129.1947,153.6588,153.9671
2022-02-17,113.5382,113.7382,129.1182,129.3788,153.7176,154.0259
2022-02-18,113.5735,113.7735,129.0971,129.3518,154.1459,154.4571
2022-02-21,113.5882,113.7882,128.9541,129.2094,154.2412,154.5524
2022-02-22,113.5941,113.7941,128.8688,129.1171,154.2718,154.5865
2022-02-23,113.6424,113.8424,128.9071,129.1676,154.0682,154.3818
2022-02-24,113.7,113.9,128.9871,129.2441,154.5541,154.8665
2022-02-25,113.7206,113.9206,127.6365,127.8912,152.7353,153.05
2022-02-28,113.7353,113.9353,127.5171,127.7735,152.5265,152.8324
2022-03-01,113.7412,113.9412,127.6006,127.8576,152.5671,152.8724
2022-03-02,113.7529,113.9529,127.5971,127.8535,152.6641,152.9724
2022-03-03,113.7894,113.9894,126.9653,127.2218,152.0894,152.4012
2022-03-04,113.8147,114.0147,126.6,126.8524,152.2553,152.5676
2022-03-07,113.8471,114.0471,125.5047,125.7641,151.7353,152.0576
2022-03-08,113.9129,114.1129,124.4635,124.7165,150.6,150.9
2022-03-09,113.9753,114.1753,124.6188,124.8735,150.0435,150.3453
2022-03-10,114.0353,114.2353,124.8665,125.1118,149.91,150.2041
2022-03-11,114.0794,114.2794,125.9747,126.23,150.2559,150.5565
2022-03-14,114.0853,114.2853,126.0747,126.3276,150.4065,150.71
2022-03-15,114.1324,114.3324,125.6794,125.9306,149.8876,150.1953
2022-03-16,114.1865,114.3865,125.7165,125.9688,149.5571,149.8576
2022-03-17,114.2159,114.4129,125.8271,126.0782,149.6765,149.9776
2022-03-18,114.2806,114.4806,126.2676,126.5265,150.2865,150.6047
2022-03-21,114.2953,114.4953,126.1265,126.3859,150.1618,150.4694
2022-03-22,114.3353,114.5353,126.2524,126.5053,150.4906,150.7935
2022-03-23,114.3971,114.5971,125.8794,126.1424,151.1765,151.4829
2022-03-24,114.5,114.7,125.8447,126.0941,151.3476,151.6488
2022-03-25,114.5853,114.7853,125.8159,126.0665,151.1535,151.4529
2022-03-28,114.6529,114.8529,126.2024,126.4594,151.2535,151.5624
2022-03-29,114.725,114.925,126.0106,126.2694,150.9069,151.2075
2022-03-30,114.7731,114.9731,126.4118,126.6688,150.1882,150.4976
2022-03-31,114.8512,115.0512,127.6718,127.9318,150.9747,151.2788
2022-04-01,114.895,115.095,127.6324,127.8953,150.7953,151.1035
2022-04-04,114.9375,115.1375,126.9759,127.2341,150.7382,151.0488
2022-04-05,114.9969,115.1969,126.5782,126.8335,150.8035,151.1012
2022-04-06,115.0206,115.2206,126.3306,126.5841,151.0,151.31
2022-04-07,115.0941,115.2941,125.7706,126.0224,150.7,151.0088
2022-04-08,115.1882,115.3882,125.6359,125.8894,150.6335,150.9406
2022-04-11,115.2324,115.4324,125.2765,125.5276,150.3535,150.6547
2022-04-12,115.2765,115.4765,125.6371,125.8976,150.1871,150.4912
2022-04-13,115.3088,115.5088,125.4653,125.7153,150.2929,150.5894
2022-04-14,115.3382,115.5382,125.0371,125.2888,150.1576,150.4594
2022-04-19,115.3847,115.5847,125.3594,125.6082,151.2306,151.5382
2022-04-20,115.4059,115.6059,124.81,125.0635,150.4647,150.7665
2022-04-21,115.4441,115.6441,125.1353,125.3888,150.7235,151.0306
2022-04-22,115.4971,115.6971,125.5376,125.7871,150.7324,151.0406
2022-04-25,115.5529,115.7529,124.9618,125.2147,149.3053,149.6059
2022-04-26,115.5971,115.7971,124.3094,124.5594,147.9141,148.2047
2022-04-27,115.6412,115.8412,123.6824,123.9324,147.19,147.49
2022-04-28,115.6735,115.8735,122.7053,122.9535,145.9429,146.2365
2022-05-04,115.7059,115.9059,122.0118,122.26,145.2088,145.4965
2022-05-05,115.7441,115.9441,121.9147,122.1612,145.3641,145.6559
2022-05-06,115.8047,116.0047,122.4124,122.6571,144.7747,145.0718
2022-05-09,115.8459,116.0459,122.2335,122.4894,143.8235,144.1147
2022-05-10,115.8959,116.0959,122.1118,122.3629,143.7647,144.0435
2022-05-11,115.9676,116.1676,122.3929,122.6382,143.61,143.8894
2022-05-12,115.9971,116.1971,122.2471,122.4818,143.5129,143.8
2022-05-13,116.0235,116.2235,121.6529,121.8947,142.8235,143.1065
2022-05-16,116.0735,116.2735,120.9871,121.2294,142.4629,142.7553
2022-05-17,116.1441,116.3441,121.0824,121.3318,142.8429,143.1335
2022-05-18,116.2176,116.4176,121.8365,122.0871,144.6359,144.9229
2022-05-19,116.2765,116.4706,122.2124,122.4647,144.7776,145.0665
2022-05-20,116.3059,116.5059,122.4194,122.6653,144.9847,145.2788
2022-05-23,116.3706,116.5706,123.0353,123.2812,145.5306,145.8229
2022-05-24,116.4176,116.6176,123.7441,123.9947,146.4,146.6935
2022-05-25,116.4794,116.6794,124.4565,124.7076,146.0065,146.3071
2022-05-26,116.5165,116.7165,124.3171,124.5694,146.1294,146.43
2022-05-27,116.5882,116.7853,124.6388,124.8882,146.9824,147.2706
2022-05-30,116.6147,116.8147,124.8882,125.1435,147.3035,147.6006
2022-05-31,116.6382,116.8382,125.4729,125.7224,147.2988,147.5971
2022-06-02,116.71,116.91,124.9624,125.2106,147.0582,147.3565
2022-06-03,116.7306,116.9306,124.8382,125.0918,146.7624,147.0565
2022-06-06,116.7482,116.9482,125.1382,125.3953,146.8324,147.1329
2022-06-07,116.8,117.0,125.2782,125.5235,146.7859,147.0859
2022-06-08,116.85,117.05,124.7941,125.0453,146.3576,146.6494
2022-06-09,116.91,117.11,125.1906,125.4412,146.9241,147.2159
2022-06-10,116.9471,117.1471,125.2129,125.4594,146.7988,147.09
2022-06-13,117.0,117.2,124.3506,124.5976,146.29,146.5888
2022-06-14,117.0676,117.2676,122.9771,123.2218,143.9459,144.2353
2022-06-15,117.1353,117.3353,122.7141,122.9629,142.4418,142.7218
2022-06-16,117.1853,117.3853,122.3447,122.5918,141.2476,141.5306
2022-06-17,117.2265,117.4265,122.2929,122.5406,142.0341,142.3165
2022-06-20,117.2971,117.4971,123.0735,123.3229,143.6735,143.9565
2022-06-21,117.3353,117.5353,123.3288,123.5806,143.54,143.8265
2022-06-22,117.4059,117.6059,123.7565,123.9971,144.0724,144.3676
2022-06-23,117.4706,117.6706,123.5524,123.8047,143.7841,144.0682
2022-06-24,117.5559,117.7559,123.6082,123.8618,143.7724,144.0588
2022-06-27,117.5941,117.7941,123.7735,124.0288,144.1735,144.4618
2022-06-28,117.6029,117.8029,124.0782,125.5118,144.2135,144.5006
2022-06-29,117.6912,117.8912,124.4829,124.7324,144.2182,144.5112
2022-06-30,117.7324,117.9324,123.8929,124.1476,143.5582,143.8429
2022-07-01,117.7735,117.9735,122.9394,123.1859,142.9059,143.1959
2022-07-04,117.7971,117.9971,123.0924,123.3388,142.4906,142.7765
2022-07-05,117.8529,118.0529,123.0818,123.33,142.9535,143.2429
2022-07-06,117.8941,118.0941,121.7976,122.0382,141.7294,142.0065
2022-07-07,117.9324,118.1324,120.9424,121.18,141.0771,141.3576
2022-07-08,117.9735,118.1676,120.56,120.7894,141.2024,141.4753
2022-07-12,118.0324,118.2324,119.7665,120.0018,141.4029,141.6835
2022-07-13,118.0794,118.2794,118.9712,119.2071,140.5094,140.7929
2022-07-14,118.1306,118.3306,118.5694,118.8088,140.4059,140.69
2022-07-15,118.1718,118.3718,118.5059,118.75,140.1765,140.4476
2022-07-18,118.2324,118.4324,118.6541,118.8929,139.9082,140.1871
2022-07-19,118.2882,118.4882,119.4924,119.7359,141.0194,141.3065
2022-07-20,118.3529,118.5529,120.5365,120.7794,141.7729,142.0541
2022-07-21,118.4206,118.6206,120.9024,121.1406,141.9276,142.2135
2022-07-22,118.4706,118.6706,120.7582,120.9929,141.4694,141.7512
2022-07-25,118.5206,118.7206,120.6094,120.8518,141.5953,141.8765
2022-07-26,118.5588,118.7588,121.1188,121.3629,142.5612,142.8453
2022-07-27,118.6176,118.8176,120.6747,120.9176,142.5471,142.8353
2022-07-28,118.6588,118.8588,120.4682,120.7076,142.9153,143.1941
2022-07-29,118.7,118.9,120.5447,120.7882,143.5465,143.8341
2022-08-01,118.75,118.95,121.1012,121.3406,144.2853,144.5735
2022-08-02,118.8118,119.0118,121.7476,121.9853,145.2624,145.5441
2022-08-03,118.8941,119.0941,121.5629,121.8012,145.2165,145.4947
2022-08-04,118.9324,119.1324,121.0865,121.3265,144.7882,145.0753
2022-08-05,118.9912,119.1912,121.1859,121.4294,144.3671,144.6453
2022-08-08,119.0265,119.2265,121.3782,121.6247,144.2088,144.4953
2022-08-10,119.0735,119.2735,121.3676,121.6112,144.2188,144.5024
2022-08-11,119.1412,119.3412,122.2235,122.4629,144.7447,145.0241
2022-08-12,119.2118,119.4118,122.7729,123.0129,145.2765,145.5641
2022-08-15,119.2559,119.4559,122.4682,122.7118,144.6618,144.94
2022-08-16,119.3147,119.5147,121.9241,122.1671,144.3618,144.6529
2022-08-17,119.35,119.55,121.2247,121.4712,143.8694,144.1535
2022-08-18,119.3735,119.5735,121.2247,121.4712,143.8694,144.1535
2022-08-19,119.4735,119.6735,121.4553,121.6953,144.0047,144.2865
2022-08-22,119.5294,119.7294,120.5018,120.7371,142.1294,142.4106
2022-08-23,119.6206,119.8206,119.73,119.96,141.3129,141.5912
2022-08-24,119.7029,119.9029,119.1353,119.3706,141.0747,141.35
2022-08-25,119.7576,119.9576,119.0141,119.2376,141.1406,141.4118
2022-08-26,119.8059,120.0059,119.4718,119.7088,141.5694,141.8518
2022-08-29,119.8294,120.0294,119.6947,119.9224,141.6429,141.9129
2022-08-30,119.8794,120.0794,119.7741,120.0124,140.7153,140.9929
2022-08-31,119.9129,120.1129,119.9724,120.2106,140.3588,140.6388
2022-09-01,119.9529,120.1529,119.9612,120.1959,139.7359,140.0153
2022-09-02,120.0176,120.2176,119.9029,120.1435,138.9235,139.1971
2022-09-05,120.0847,120.2847,120.0071,120.2441,138.7782,139.0541
2022-09-06,120.1206,120.3206,119.1929,119.4318,138.1012,138.3747
2022-09-07,120.1618,120.3618,119.3829,119.6218,138.7618,139.0347
2022-09-08,120.1824,120.3824,119.1541,119.3941,138.1076,138.3812
2022-09-09,120.2059,120.4059,119.9818,120.2241,138.6153,138.8918
2022-09-12,120.2353,120.4353,120.5147,120.7629,138.9659,139.2359
2022-09-14,120.2706,120.4706,121.6471,121.8918,140.2871,140.5718
2022-09-15,120.3118,120.5118,120.5935,120.8282,139.13,139.4088
2022-09-16,120.3106,120.5106,120.2082,120.4476,138.5259,138.8106
2022-09-19,120.3294,120.5294,120.1041,120.3412,137.8494,138.1271
2022-09-20,120.3559,120.5559,120.1512,120.3947,137.2894,137.5506
2022-09-21,120.3982,120.5982,120.3188,120.56,137.5112,137.7759
2022-09-22,120.4424,120.6424,119.6276,119.8682,136.7965,137.07
2022-09-23,120.46,120.66,119.1124,119.3482,136.3812,136.6471
2022-09-26,120.4971,120.6971,118.0918,118.3265,134.4524,134.7147
2022-09-27,120.5235,120.7235,116.3312,116.5606,129.8465,130.1053
2022-09-28,120.5735,120.7735,116.2653,116.4971,130.3453,130.6041
2022-09-29,120.5971,120.7971,115.5159,115.7435,128.0371,128.2676
2022-09-30,120.6324,120.8324,117.0188,117.2494,130.5341,130.7947
2022-10-03,120.6765,120.8765,118.1329,118.3641,134.4765,134.7429
2022-10-04,120.6882,120.8882,118.2224,118.4535,135.2365,135.5124
2022-10-05,120.7059,120.9059,118.9176,119.1488,136.3294,136.5971
2022-10-06,120.7235,120.9235,119.8035,120.0394,137.3559,137.6235
2022-10-07,120.75,120.95,119.3871,119.6241,136.5735,136.8429
2022-10-11,120.7647,120.9647,118.6065,118.8388,135.4876,135.76
2022-10-12,120.8118,121.0118,117.4159,117.6535,133.0806,133.3353
2022-10-13,120.8353,121.0353,117.2794,117.5112,133.3206,133.5806
2022-10-14,120.8735,121.0735,117.2329,117.4665,134.6706,134.9429
2022-10-17,120.9306,121.1306,117.9382,118.1735,135.9876,136.2671
2022-10-18,120.9706,121.1706,117.86,118.0982,136.4582,136.7271
2022-10-19,121.0059,121.2059,119.0576,119.2929,136.9947,137.2653
2022-10-21,121.0353,121.2353,118.5659,118.8041,136.3241,136.5924
2022-10-24,121.0676,121.2676,118.1459,118.3776,134.8565,135.1282
2022-10-25,121.0941,121.2941,119.1318,119.36,136.9712,137.2541
2022-10-26,121.1324,121.3324,119.87,120.1012,137.8071,138.0829
2022-10-27,121.1735,121.3735,121.3571,121.5953,140.1865,140.4682
2022-10-28,121.2118,121.4118,121.5259,121.7624,140.5112,140.7912
2022-10-31,121.2324,121.4324,120.9776,121.2076,140.1612,140.4318
2022-11-01,121.2794,121.4794,120.2129,120.4571,139.6612,139.9229
2022-11-02,121.3147,121.5147,120.3047,120.5476,139.7506,140.0253
2022-11-03,121.3529,121.5529,120.2229,120.4606,139.7112,139.9859
2022-11-04,121.3971,121.5971,118.7294,118.9624,136.7629,137.0306
2022-11-07,121.4382,121.6382,119.3594,119.5912,136.56,136.8335
2022-11-08,121.5118,121.7118,121.2429,121.4806,139.0076,139.2806
2022-11-09,121.5706,121.7706,121.4724,121.7053,139.2006,139.4747
2022-11-10,121.6382,121.8382,122.2182,122.4541,139.5553,139.8282
2022-11-11,121.6824,121.8824,122.0771,122.3129,139.7847,140.0582
2022-11-14,121.7265,121.9265,125.1465,125.3924,143.0541,143.3241
2022-11-15,121.7971,121.9971,125.5276,125.7741,143.4929,143.7665
2022-11-16,121.8294,122.0294,126.8418,127.0912,145.0753,145.3459
2022-11-17,121.8794,122.0794,126.8159,127.0682,144.8429,145.1094
2022-11-18,121.9294,122.1294,126.1859,126.4371,144.6953,144.9776
2022-11-21,121.9794,122.1794,126.5453,126.7929,145.3347,145.6188
2022-11-22,122.0265,122.2265,125.1965,125.4347,144.1512,144.4447
2022-11-23,122.0824,122.2824,125.8882,126.1412,145.0653,145.3571
2022-11-24,122.1294,122.3294,126.11,126.3512,146.15,146.4359
2022-11-25,122.1794,122.3794,127.2059,127.4518,147.8882,148.1765
2022-11-28,122.2353,122.4353,126.9641,127.2029,147.7524,148.0441
2022-11-29,122.2765,122.4765,127.7953,128.0506,147.8282,148.1176
2022-11-30,122.3471,122.5471,127.0012,127.2488,147.0624,147.3518
2022-12-01,122.4,122.6,126.8476,127.0894,146.7865,147.0612
2022-12-02,122.4324,122.6324,128.2012,128.45,149.2159,149.5041
2022-12-05,122.4912,122.6912,129.0847,129.3388,150.3641,150.6512
2022-12-06,122.5324,122.7324,129.5176,129.7753,150.5876,150.8776
2022-12-07,122.5853,122.7853,128.7829,129.0288,149.5641,149.8606
2022-12-08,122.6382,122.8382,128.9488,129.1988,149.4947,149.7812
2022-12-09,122.6912,122.8912,128.9929,129.2324,149.5559,149.8553
2022-12-13,122.7382,122.9382,129.5106,129.7576,150.5371,150.8282
2022-12-14,122.7971,122.9971,130.5753,130.8176,151.7441,152.0312
2022-12-15,122.8412,123.0412,130.6982,130.9535,151.8988,152.1876
2022-12-16,122.8882,123.0882,130.5024,130.7571,151.6724,151.9494
2022-12-19,122.9471,123.1471,130.6441,130.8976,149.7482,150.0306
2022-12-20,122.9941,123.1941,130.4353,130.69,149.6612,149.9524
2022-12-21,123.0441,123.2441,130.4647,130.7294,149.2671,149.5353
2022-12-22,123.0647,123.2647,130.7447,130.9947,149.3971,149.6729
2022-12-23,123.1088,123.3088,130.7965,131.0565,148.4053,148.6747
2022-12-28,123.1588,123.3588,130.6671,130.9206,148.5294,148.8147
2022-12-29,123.2294,123.4294,131.1418,131.3994,148.7524,149.0241
2022-12-30,123.2735,123.4735,131.14,131.3906,148.3253,148.6088
2023-01-03,123.3235,123.5235,131.53,131.7847,148.59,148.8682
2023-01-04,123.3412,123.5412,130.5241,130.7747,148.0535,148.3294
2023-01-05,123.3824,123.5824,130.8853,131.1341,148.5818,148.8618
2023-01-06,123.4471,123.6471,130.9641,131.2124,148.4212,148.6918
2023-01-09,123.4882,123.6882,130.0471,130.3012,147.1706,147.4406
2023-01-10,123.5471,123.7471,132.08,132.3424,149.9588,150.2324
2023-01-11,123.6176,123.8176,132.6347,132.8918,150.1806,150.4447
2023-01-12,123.6794,123.8794,132.8029,133.0606,149.9553,150.2341
2023-01-13,123.7353,123.9353,133.1818,133.4494,150.4647,150.7359
2023-01-16,123.7912,123.9912,133.7959,134.0606,150.8465,151.1124
2023-01-17,123.8441,124.0441,133.9206,134.1818,151.0282,151.3106
2023-01-18,123.9088,124.1088,134.1594,134.4112,151.5576,151.8276
2023-01-19,123.95,124.15,133.6912,133.9514,152.6935,153.0206
2023-01-20,123.9941,124.1941,134.0806,134.3329,153.07,153.3465
2023-01-23,124.0265,124.2265,134.2053,134.4647,153.2224,153.49
2023-01-24,124.0735,124.2735,134.8818,135.1418,153.5035,153.7841
2023-01-25,124.1471,124.3471,135.0659,135.3335,152.8524,153.1206
2023-01-26,124.2,124.4,135.0853,135.3529,152.9882,153.2647
2023-01-27,124.25,124.45,135.47,135.7282,154.0629,154.3571
2023-01-30,124.2912,124.4912,135.1971,135.4588,153.8541,154.1359
2023-01-31,124.3029,124.5029,135.2018,135.4588,153.8582,154.1365
2023-02-01,124.3765,124.5765,134.7918,135.0541,153.3759,153.6641
2023-02-02,124.4235,124.6235,135.4324,135.6929,153.4329,153.7147
2023-02-03,124.4941,124.6941,136.28,136.5388,153.0447,153.3341
2023-02-06,124.5618,124.7618,136.1665,136.4271,152.6171,152.8971
2023-02-07,124.7,124.9,134.4429,134.6847,150.2194,150.5018
2023-02-08,124.7794,124.9794,133.6924,133.9447,149.7671,150.0341
2023-02-09,124.8824,125.0824,134.0176,134.2676,150.8,151.0847
2023-02-10,124.9765,125.1765,134.6076,134.8559,151.93,152.1971
2023-02-13,125.0882,125.2882,133.7606,134.01,151.4653,151.7418
2023-02-14,125.1735,125.3735,133.6782,133.9318,151.0947,151.3659
2023-02-15,125.2824,125.4824,134.7547,135.0088,152.9724,153.2418
2023-02-16,125.4235,125.6235,134.3076,134.5606,151.1882,151.4335
2023-02-17,125.5265,125.7265,134.2218,134.4747,150.9835,151.2641
2023-02-20,125.6706,125.8706,133.4812,133.7318,150.1241,150.3865
2023-02-21,125.8353,126.0353,134.4388,134.6865,151.3806,151.6553
2023-02-22,125.9794,126.1794,134.3318,134.5818,152.4871,152.7659
2023-02-23,126.1676,126.3676,134.1641,134.4206,152.4629,152.7371
2023-02-24,126.3294,126.5294,133.8476,134.1006,151.9729,152.2618
2023-02-27,126.5147,126.7147,133.7624,134.0176,151.5971,151.88
2023-02-28,126.7529,126.9529,133.8106,134.0541,151.7235,152.0112
2023-03-01,126.9794,127.1794,134.7076,134.9594,153.5635,153.8394
2023-03-02,127.1941,127.3941,135.7518,136.0024,153.4018,153.68
2023-03-03,127.4441,127.6441,135.2606,135.5106,152.4288,152.71
2023-03-06,127.6559,127.8559,135.5465,135.8012,153.1024,153.3835
2023-03-07,128.0088,128.2088,136.3329,136.5824,153.74,154.0265
2023-03-08,128.2618,128.4618,136.8088,137.0665,154.0029,154.2847
2023-03-09,128.4912,128.6912,135.4776,135.7294,152.1171,152.4041
2023-03-10,128.7882,128.9882,135.95,136.2229,152.9576,153.2382
2023-03-13,129.1412,129.3412,137.0135,137.2641,154.9071,155.19
2023-03-14,129.3529,129.5529,138.45,138.7047,156.5641,156.8482
2023-03-15,129.4882,129.6882,138.7447,138.9806,157.5006,157.7865
2023-03-16,129.6618,129.8618,136.8735,137.1159,156.4824,156.7753
2023-03-17,129.7824,129.9824,137.6429,137.8906,156.3676,156.6606
2023-03-20,129.9088,130.1088,138.1229,138.3741,157.6988,157.99
2023-03-21,130.2206,130.4206,139.3371,139.5894,159.1435,159.4359
2023-03-22,130.5176,130.7176,140.5876,140.8541,159.7547,160.04
2023-03-23,130.8941,131.0941,141.2029,141.4547,160.6353,160.9235
2023-03-24,131.1735,131.3735,142.76,143.0188,161.5894,161.8788
2023-03-27,131.2971,131.4971,141.0747,141.3429,160.3382,160.6359
2023-03-28,131.4294,131.6294,141.6229,141.8806,161.1482,161.4412
2023-03-29,131.6765,131.8765,142.5529,142.8082,162.0724,162.3682
2023-03-30,132.0265,132.2265,143.29,143.5535,162.7694,163.0676
2023-03-31,132.2324,132.4324,144.2424,144.4953,163.5282,163.8147
2023-04-03,132.4206,132.6206,144.1665,144.4176,163.9653,164.2647
2023-04-04,132.5735,132.7735,144.2171,144.47,164.1982,164.4941
2023-04-05,132.8412,133.0412,145.0647,145.3335,165.8929,166.1888
2023-04-06,133.2,133.4,145.7588,146.0188,166.16,166.4529
2023-04-11,133.4882,133.6882,145.5306,145.7982,165.8635,166.1559
2023-04-12,133.6235,133.8235,145.7712,146.0176,166.0953,166.3782
2023-04-13,133.8529,134.0529,146.8518,147.1171,166.78,167.0676
2023-04-14,134.2529,134.4529,148.3829,148.6471,168.0835,168.3794
2023-04-17,134.4676,134.6676,148.3165,148.5741,167.7318,168.0329
2023-04-18,134.6382,134.8382,147.2847,147.5471,166.7606,167.0582
2023-04-19,134.8735,135.0735,147.8276,148.0941,167.6159,167.9153
2023-04-20,135.0912,135.2912,148.0265,148.2941,168.1288,168.4247
2023-04-24,135.2147,135.4147,148.3441,148.6094,168.2965,168.5988
2023-04-25,135.3824,135.5824,149.0806,149.3424,168.4353,168.7341
2023-04-26,135.5588,135.7588,149.0624,149.3241,168.19,168.4841
2023-04-27,135.7324,135.9324,150.1618,150.4265,169.4118,169.7088
2023-04-28,135.8118,136.0118,149.5876,149.8553,169.2212,169.5147
2023-05-02,135.9176,136.1176,149.5112,149.7765,169.8971,170.1959
2023-05-03,136.0529,136.2529,149.2094,149.4753,169.5606,169.8565
2023-05-04,136.1618,136.3618,150.32,150.5912,170.4006,170.6947
2023-05-05,136.2971,136.4971,150.2659,150.5324,171.2859,171.5782
2023-05-08,136.3676,136.5676,149.9653,150.23,171.6976,171.9882
2023-05-09,136.4853,136.6853,150.6724,150.9165,172.6618,172.9635
2023-05-10,136.5765,136.7765,149.5688,149.8241,171.9465,172.2388
2023-05-11,136.6912,136.8912,150.1224,150.3859,172.8541,173.1588
2023-05-12,136.7765,136.9765,149.2247,149.4924,171.3988,171.6918
2023-05-15,136.8794,137.0794,149.0541,149.3182,171.2294,171.5265
2023-05-16,137.0029,137.2029,149.0159,149.2753,171.3588,171.6588
2023-05-17,137.1382,137.3382,149.2265,149.4971,171.5547,171.85
2023-05-18,137.2735,137.4735,148.6835,148.9376,171.2288,171.5235
2023-05-19,137.3912,137.5912,148.3835,148.6418,170.7153,171.0071
2023-05-22,137.5265,137.7265,148.5324,148.7953,170.9971,171.2941
2023-05-23,137.6618,137.8618,148.8741,149.1382,171.4053,171.6959
2023-05-24,137.8559,138.0559,148.4388,148.6982,170.7112,171.0129
2023-05-25,138.0324,138.2324,148.7865,149.0524,171.0494,171.3465
2023-05-26,138.1529,138.3529,147.9959,148.2635,170.4088,170.6982
2023-05-29,138.2324,138.4324,148.2418,148.4988,170.6871,170.9812
2023-05-30,138.3176,138.5176,148.2035,148.4629,170.7594,171.0588
2023-05-31,138.3912,138.5912,148.4118,148.6735,171.9794,172.2635
2023-06-02,138.5088,138.7088,147.9218,148.1812,171.2247,171.5071
2023-06-05,138.6559,138.8559,149.09,149.3453,173.5682,173.8594
2023-06-06,138.7735,138.9735,148.4541,148.7112,172.0459,172.3394
2023-06-07,138.8676,139.0676,148.3153,148.5712,172.2741,172.5759
2023-06-08,139.0124,139.2124,148.9376,149.2059,173.1812,173.4794
2023-06-09,139.1235,139.3235,149.4994,149.7612,173.7082,173.9988
2023-06-12,139.25,139.45,149.9194,150.1824,174.9612,175.2559
2023-06-13,139.3776,139.5776,149.9459,150.2112,174.6753,174.9665
2023-06-14,139.5276,139.7276,150.6471,150.9065,175.6376,175.9388
2023-06-15,139.6118,139.8118,151.0759,151.3441,176.7547,177.0576
2023-06-16,139.7706,139.9706,151.7582,152.0282,177.0271,177.3265
2023-06-19,139.9412,140.1412,153.1806,153.4453,179.2524,179.5535
2023-06-20,140.0206,140.2206,152.9535,153.2076,179.3318,179.6376
2023-06-21,140.1,140.3,152.9324,153.1894,178.58,178.8906
2023-06-22,140.2059,140.4059,153.2118,153.4724,178.2559,178.5606
2023-06-23,140.3029,140.5029,154.0359,154.3076,178.9235,179.2329
2023-06-26,140.3412,140.5412,153.0288,153.2829,178.4565,178.77
2023-06-27,140.3441,140.5441,153.1959,153.4535,178.4724,178.7724
2023-06-29,140.35,140.55,153.8694,154.1347,178.8841,179.1865
2023-06-30,140.4235,140.6235,152.8524,153.1106,177.1247,177.4271
2023-07-03,140.4735,140.6735,153.2047,153.4718,178.29,178.5876
2023-07-04,140.5735,140.7735,153.3659,153.62,178.3818,178.6924
2023-07-05,140.6235,140.8235,153.2518,153.5212,178.86,179.1576
2023-07-06,140.6824,140.8824,153.1682,153.4276,178.9094,179.2135
2023-07-07,140.8206,141.0206,153.1812,153.4435,179.6059,179.91
2023-07-10,140.8853,141.0853,153.5371,153.7994,179.7118,180.0218
2023-07-11,140.9647,141.1647,154.5618,154.8276,180.3518,180.65
2023-07-12,141.1088,141.3088,155.0294,155.2912,182.0476,182.3571
2023-07-13,141.1853,141.3853,156.2612,156.5247,183.1124,183.4206
2023-07-14,141.2824,141.4824,157.9453,158.2212,184.91,185.2141
2023-07-17,141.3412,141.5412,158.6206,158.89,185.1941,185.5029
2023-07-18,141.3971,141.5971,158.8488,159.1253,184.9635,185.2759
2023-07-19,141.4912,141.6912,158.8488,159.1271,185.0165,185.3288
2023-07-20,141.5971,141.7971,158.8512,159.1241,182.8024,183.1112
2023-07-21,141.6747,141.8747,158.4918,158.76,182.3635,182.6524
2023-07-24,141.7441,141.9412,157.8265,158.0965,182.2759,182.5765
2023-07-25,141.9,142.0971,157.2553,157.5271,182.0488,182.3441
2023-07-26,142.0176,142.2176,156.7347,156.9994,182.23,182.5353
2023-07-27,142.1,142.3,157.2606,157.5271,183.4894,183.7971
2023-07-28,142.1971,142.3971,156.5459,156.8141,182.7159,183.0294
2023-07-31,142.2647,142.4647,156.4812,156.7382,182.8212,183.1194
2023-08-01,142.4265,142.6265,156.9629,157.2347,182.8641,183.1694
2023-08-02,142.5412,142.7412,156.3418,156.5982,182.0565,182.3653
2023-08-03,142.6765,142.8765,156.3159,156.5782,181.38,181.6829
2023-08-04,142.7882,142.9853,156.1176,156.3888,181.1,181.3994
2023-08-07,142.8882,143.0882,156.9565,157.2235,182.0594,182.3612
2023-08-08,143.0176,143.2176,157.1653,157.4353,182.4129,182.7294
2023-08-09,143.1735,143.3735,156.6688,156.9288,181.8176,182.1194
2023-08-10,143.3441,143.5441,157.3735,157.6412,182.5276,182.8388
2023-08-11,143.4765,143.6765,158.18,158.4494,183.0853,183.4053
2023-08-14,143.5088,143.7088,157.3912,157.65,182.1847,182.4747
2023-08-15,143.6588,143.8588,156.7247,156.9965,181.8818,182.1853
2023-08-16,143.8088,144.0088,157.2982,157.5629,183.0012,183.2935
2023-08-17,143.9441,144.1441,157.0959,157.3606,183.4,183.7053
2023-08-18,144.0824,144.2824,157.0006,157.2776,183.8518,184.1547
2023-08-21,144.2176,144.4176,156.6976,156.9641,183.5771,183.8818
2023-08-22,144.3059,144.5059,157.1612,157.4324,183.9259,184.2271
2023-08-23,144.4559,144.6559,157.031,157.2929,184.1674,184.4769
2023-08-24,144.6176,144.8176,156.3753,156.6471,182.9594,183.2688
2023-08-25,144.7735,144.9735,156.7512,157.0159,182.9476,183.2559
2023-08-28,144.8941,145.0941,156.6112,156.87,182.8059,183.1112
2023-08-29,145.05,145.25,156.8506,157.12,182.6412,182.9465
2023-08-30,145.1618,145.3618,156.7129,156.98,182.5594,182.8694
2023-08-31,145.3059,145.5059,158.5594,158.8253,184.4876,184.7865
2023-09-01,145.4088,145.6088,158.0553,158.3259,184.3635,184.6706
2023-09-04,145.5324,145.7324,158.0594,158.3282,184.5865,184.8906
2023-09-05,145.6559,145.8559,157.2412,157.4971,183.9324,184.2382
2023-09-06,145.8147,146.0147,156.4959,156.7594,183.1312,183.4324
2023-09-07,145.9412,146.1412,156.6106,156.8741,183.1912,183.4971
2023-09-08,146.0353,146.2353,156.2635,156.5224,182.0182,182.3182
2023-09-11,146.1206,146.3206,156.5076,156.7724,182.4541,182.7488
2023-09-12,146.2618,146.4618,156.9047,157.1635,183.2306,183.5453
2023-09-13,146.3912,146.5912,156.8171,157.0788,182.5206,182.8165
2023-09-14,146.5588,146.7588,157.4988,157.77,183.1012,183.3888
2023-09-15,146.6918,146.8918,156.4494,156.7165,182.2347,182.5294
2023-09-18,146.8059,147.0059,156.4806,156.7576,182.1441,182.4412
2023-09-19,146.9059,147.1059,156.6818,156.9476,181.91,182.2053
2023-09-20,147.0412,147.2412,156.6818,156.9476,182.2959,182.5924
2023-09-21,147.1647,147.3647,156.6818,156.9476,182.1259,182.4341
2023-09-22,147.2559,147.4559,156.8041,157.0718,180.87,181.1694
2023-09-25,147.3706,147.5706,156.9747,157.2412,180.6776,180.9782
2023-09-26,147.5412,147.7412,156.6647,156.9376,180.2453,180.5329
2023-09-27,147.7088,147.9088,156.4641,156.7271,179.9135,180.2176
2023-09-28,147.8412,148.0412,155.6618,155.9276,179.4829,179.7835
2023-09-29,148.0,148.2,155.8724,156.1335,180.4029,180.7082
2023-10-02,148.1029,148.3,156.8053,157.0629,181.3159,181.6041
2023-10-03,148.2176,148.4176,156.1165,156.3818,180.1024,180.4006
2023-10-04,148.35,148.55,155.3188,155.5735,179.0624,179.3535
2023-10-05,148.4647,148.6647,156.1882,156.4553,180.5829,180.8729
2023-10-06,148.5882,148.7882,156.2371,156.4941,180.3271,180.6118
2023-10-09,148.6941,148.8941,156.92,157.1776,181.5018,181.7988
2023-10-11,148.7824,148.9824,156.8312,157.09,181.3771,181.67
2023-10-12,148.9059,149.1059,157.9529,158.2118,183.1347,183.4206
2023-10-13,149.0324,149.2324,157.9306,158.1924,183.0294,183.3153
2023-10-16,149.1706,149.3706,157.1241,157.3818,181.8229,182.1182
2023-10-17,149.3382,149.5382,157.3606,157.6188,181.7929,182.0959
2023-10-18,149.4824,149.6824,157.6218,157.8882,181.5782,181.8771
2023-10-19,149.6882,149.8882,157.9859,158.2394,182.1618,182.4453
2023-10-23,149.8441,150.0441,158.4141,158.6671,181.9324,182.2329
2023-10-24,149.9735,150.1735,158.9588,159.23,182.3959,182.6859
2023-10-25,150.0706,150.2706,159.2488,159.4971,182.9082,183.2047
2023-10-26,150.1735,150.3735,158.8629,159.1265,182.2318,182.5259
2023-10-27,150.2618,150.4618,158.4994,158.7506,181.8953,182.1959
2023-10-30,150.3588,150.5588,158.9553,159.2212,182.5394,182.8282
2023-10-31,150.4588,150.6588,159.4306,159.6953,182.5759,182.8694
2023-11-01,150.6029,150.8029,160.0547,160.3229,183.11,183.4235
2023-11-02,150.7588,150.9588,158.7365,159.0188,182.5747,182.8788
2023-11-03,150.9588,151.1588,160.7724,161.0335,184.1482,184.4447
2023-11-06,151.0647,151.2647,161.7735,162.03,186.1824,186.47
2023-11-07,151.1676,151.3676,162.3512,162.6259,187.3247,187.6271
2023-11-08,151.2794,151.4794,161.6082,161.8729,186.1271,186.4265
2023-11-09,151.4324,151.6324,161.5425,161.8051,185.6565,185.9428
2023-11-10,151.5794,151.7794,162.1741,162.4371,185.9459,186.2506
2023-11-14,151.7382,151.9382,162.1182,162.3735,185.3653,185.6735
2023-11-15,151.8353,152.0353,162.7124,162.9853,186.6265,186.9406
2023-11-16,152.0088,152.2088,165.1294,165.3829,189.38,189.6765
2023-11-17,152.1265,152.3265,165.1753,165.4324,188.8,189.11
2023-11-20,152.2382,152.4382,165.4,165.6647,189.1982,189.5059
2023-11-21,152.3471,152.5471,166.4453,166.7076,190.0106,190.3235
2023-11-22,152.4529,152.6529,166.9118,167.1771,191.1388,191.4447
2023-11-23,152.5912,152.7912,166.3859,166.6571,191.15,191.4624
2023-11-24,152.7147,152.9147,166.47,166.7371,191.4965,191.7935
2023-11-27,152.8029,153.0029,166.7471,167.0053,192.0582,192.3753
2023-11-28,152.8706,153.0706,167.3918,167.66,193.0371,193.3565
2023-11-29,152.9618,153.1618,167.5606,167.8365,193.1547,193.4659
2023-11-30,153.05,153.25,168.0794,168.3541,194.3024,194.6135
2023-12-01,153.1353,153.3353,167.3153,167.5988,193.6335,193.9582
2023-12-04,153.1412,153.3412,166.9029,167.17,193.7088,194.0365
2023-12-05,153.1765,153.3765,166.5065,166.7794,194.11,194.4112
2023-12-06,153.1882,153.3882,166.0259,166.2912,193.4359,193.7488
2023-12-07,153.2235,153.4235,165.2835,165.5459,193.0476,193.3618
2023-12-08,153.2382,153.4382,165.1412,165.4094,192.6029,192.9153
2023-12-11,153.2412,153.4412,165.1759,165.4453,192.7194,193.0412
2023-12-13,153.2471,153.4471,164.9924,165.2529,192.6912,193.0024
2023-12-14,153.2735,153.4735,165.2688,165.5441,192.0106,192.3182
2023-12-15,153.4824,153.9941,167.4776,168.0629,194.6888,195.3106
2023-12-18,153.5059,154.0529,167.8647,168.4482,195.4929,196.1547
2023-12-19,153.7676,154.5618,167.8253,168.6006,194.6924,195.5906
2023-12-20,154.0441,154.7294,168.6629,169.4276,195.9694,196.8588
2023-12-21,154.3529,155.0176,168.9624,169.6912,195.3971,196.2559
2023-12-22,154.7294,155.4412,169.6559,170.3994,195.6953,196.59
2023-12-27,155.1029,155.8382,170.4135,171.2735,196.6712,197.64
2023-12-28,155.6588,156.5294,172.1394,173.16,198.3735,199.5565
2023-12-29,156.0118,156.9118,173.2518,174.3076,199.1971,200.4124
2024-01-02,156.5,157.4706,173.0841,174.2159,199.2018,200.4976
2024-01-03,156.9529,157.6941,172.1359,173.0188,198.5876,199.6006
2024-01-04,157.0,157.7824,171.7535,172.68,198.4182,199.4735
2024-01-05,157.9012,,172.7439,,200.195,
2024-01-08,158.3,,172.6895,,200.1704,
2024-01-09,158.8761,,174.2871,,202.4638,
2024-01-10,159.3762,,174.2301,,202.4556,
2024-01-11,159.8498,,175.4991,,204.0403,
2024-01-12,159.8542,,174.9764,,203.2386,
2024-01-15,160.2384,,175.9498,,204.7687,
2024-01-16,160.1846,,175.29,,203.8029,
2024-01-17,160.4349,,174.8099,,203.255,
2024-01-18,160.7917,,174.6519,,203.3613,
2024-01-19,160.3462,,174.4727,,203.6156,
2024-01-22,160.25,,174.4321,,203.213,
2024-01-23,161.3576,,175.8072,,205.3921,
2024-01-24,160.1875,,174.1078,,203.6544,
2024-01-25,160.8,,175.6901,,205.3175,
2024-01-26,160.6186,,174.4318,,204.2346,
2024-01-29,160.6972,,174.5975,,204.6318,
2024-01-30,160.7535,,173.8549,,203.956,
2024-01-31,160.751,,173.9487,,203.7921,
2024-02-01,160.6722,,174.49,,204.1822,
2024-02-02,160.5726,,173.6593,,203.301,
2024-02-05,160.5068,,172.9942,,202.391,
2024-02-06,160.3566,,172.247,,201.3437,
2024-02-07,160.3246,,172.0604,,201.3677,
2024-02-08,160.1877,,172.7704,,202.3411,
2024-02-09,160.0899,,172.4328,,202.0014,
2024-02-12,159.5596,,172.0691,,201.3881,
2024-02-13,158.6611,,170.8542,,200.1748,
2024-02-14,156.7067,,167.8956,,197.4818,
2024-02-15,153.2039,,164.4184,,192.5543,
2024-02-16,145.8551,,156.9547,,183.5295,
2024-02-19,142.9185,,153.5231,,179.4342,
2024-02-20,142.8115,,153.7723,,179.8925,
2024-02-21,142.7826,,154.5479,,180.7699,
2024-02-22,144.1452,,155.8354,,182.0626,
2024-02-23,144.0597,,155.7285,,181.7457,
2024-02-26,143.8538,,155.6498,,182.4498,
2024-02-27,144.1575,,156.4541,,183.0152,
2024-02-28,143.6241,,155.5018,,181.8066,
2024-02-29,143.5891,,155.5931,,181.8771,
2024-03-01,143.5182,,155.6455,,181.7514,
2024-03-04,143.863,,156.005,,182.1809,
2024-03-05,143.8251,,156.1078,,182.4421,
2024-03-06,142.8287,,154.9977,,181.4353,
2024-03-07,142.0717,,154.6024,,180.7649,
